Experience,Income,CCAvg,CD Account,Personal Loan
17,9,0,0,0
18,9,0,0,0
25,9,0,0,0
15,10,0,0,0
22,11,0,0,0
26,11,0,0,0
14,12,0,0,0
16,13,0,0,0
24,13,0,0,0
26,14,0,0,0
26,15,0,0,0
25,18,0,0,0
17,19,0,0,0
26,20,0,0,0
15,21,0,0,0
18,22,0,0,0
17,23,0,0,0
27,25,0,0,0
19,30,0,0,0
17,32,0,0,0
16,33,0,0,0
19,34,0,0,0
19,35,0,0,0
21,39,0,0,0
19,40,0,0,0
19,44,0,0,0
19,45,0,0,0
39,50,0,0,0
38,53,0,0,0
27,58,0,0,0
35,58,0,0,0
39,58,0,0,0
3,59,0,0,0
24,59,0,0,0
36,59,0,0,0
35,60,0,0,0
1,62,0,0,0
37,62,0,0,0
5,64,0,0,0
37,64,0,0,0
23,65,0,0,0
25,65,0,0,0
28,65,0,0,0
38,65,0,0,0
3,68,0,0,0
11,68,0,0,0
31,68,0,0,0
5,70,0,0,0
3,72,0,0,0
28,72,0,0,0
14,74,0,0,0
3,75,0,0,0
33,75,0,0,0
38,78,0,0,0
30,79,0,0,0
32,80,0,0,0
11,81,0,0,0
29,81,0,0,0
31,81,0,0,0
33,81,0,0,0
4,82,0,0,0
26,82,0,0,0
28,83,0,0,0
30,84,0,0,0
41,84,0,0,0
26,85,0,0,0
10,88,0,0,0
9,89,0,0,0
11,90,0,0,0
40,90,0,0,0
14,91,0,0,0
40,91,0,0,0
41,91,0,0,0
12,92,0,0,0
14,92,0,0,0
39,92,0,0,0
40,92,0,0,0
9,93,0,0,0
10,94,0,0,0
40,95,0,0,0
42,95,0,0,0
20,111,0,0,0
24,112,0,0,0
20,114,0,0,0
21,120,0,0,0
22,120,0,0,0
8,122,0,0,0
9,122,0,0,0
7,125,0,0,0
8,125,0,0,0
8,133,0,0,0
5,134,0,0,0
12,138,0,0,0
21,138,0,0,0
12,141,0,0,0
9,142,0,0,0
22,152,0,0,0
9,164,0,0,0
9,179,0,0,0
12,179,0,0,0
14,179,0,0,0
10,183,0,0,0
7,192,0,0,1
11,194,0,0,0
8,8,0.1,0,0
15,8,0.1,0,0
19,8,0.1,0,0
35,8,0.1,0,0
39,8,0.1,0,0
2,9,0.1,0,0
33,9,0.1,0,0
37,9,0.1,0,0
2,10,0.1,0,0
18,10,0.1,0,0
36,10,0.1,0,0
2,11,0.1,0,0
4,11,0.1,0,0
11,11,0.1,0,0
37,11,0.1,0,0
41,11,0.1,0,0
0,12,0.1,0,0
34,12,0.1,0,0
11,14,0.1,0,0
17,14,0.1,0,0
18,14,0.1,0,0
22,14,0.1,0,0
34,14,0.1,0,0
13,15,0.1,0,0
32,15,0.1,0,0
37,15,0.1,0,0
41,15,0.1,0,0
15,18,0.1,0,0
18,18,0.1,0,0
33,18,0.1,0,0
33,18,0.1,0,0
0,19,0.1,0,0
22,19,0.1,0,0
23,19,0.1,0,0
28,20,0.1,0,0
39,20,0.1,0,0
40,20,0.1,0,0
10,21,0.1,0,0
10,21,0.1,0,0
16,21,0.1,0,0
23,21,0.1,0,0
29,21,0.1,0,0
30,21,0.1,0,0
40,21,0.1,0,0
42,21,0.1,0,0
2,22,0.1,0,0
11,22,0.1,0,0
11,22,0.1,0,0
20,22,0.1,0,0
23,22,0.1,0,0
32,22,0.1,0,0
34,22,0.1,0,0
38,22,0.1,0,0
0,23,0.1,0,0
34,23,0.1,0,0
36,23,0.1,0,0
21,24,0.1,0,0
30,24,0.1,0,0
33,24,0.1,0,0
35,24,0.1,0,0
9,25,0.1,0,0
16,25,0.1,0,0
16,25,0.1,0,0
19,25,0.1,0,0
22,25,0.1,0,0
29,25,0.1,0,0
31,25,0.1,0,0
32,25,0.1,0,0
30,28,0.1,0,0
4,29,0.1,0,0
24,29,0.1,0,0
25,29,0.1,0,0
20,30,0.1,0,0
24,30,0.1,0,0
38,30,0.1,0,0
28,31,0.1,0,0
32,31,0.1,0,0
23,32,0.1,0,0
30,32,0.1,0,0
40,32,0.1,0,0
37,33,0.1,0,0
38,33,0.1,0,0
39,33,0.1,0,0
21,34,0.1,0,0
29,34,0.1,0,0
29,34,0.1,0,0
30,34,0.1,0,0
0,35,0.1,0,0
23,35,0.1,0,0
31,35,0.1,0,0
24,38,0.1,0,0
39,38,0.1,0,0
30,39,0.1,0,0
3,40,0.1,0,0
41,40,0.1,0,0
9,41,0.1,0,0
23,41,0.1,0,0
21,42,0.1,0,0
27,42,0.1,0,0
38,42,0.1,0,0
3,43,0.1,0,0
4,43,0.1,0,0
4,43,0.1,0,0
24,43,0.1,0,0
0,44,0.1,0,0
5,44,0.1,0,0
5,45,0.1,0,0
8,45,0.1,0,0
24,45,0.1,0,0
25,45,0.1,0,0
41,45,0.1,0,0
26,48,0.1,0,0
29,50,0.1,0,0
7,52,0.1,0,0
26,52,0.1,0,0
28,52,0.1,0,0
29,53,0.1,0,0
28,54,0.1,0,0
25,55,0.1,0,0
11,59,0.1,0,0
6,62,0.1,0,0
12,62,0.1,0,0
6,64,0.1,0,0
7,64,0.1,0,0
9,64,0.1,0,0
8,65,0.1,0,0
13,69,0.1,0,0
13,69,0.1,0,0
16,69,0.1,0,0
40,69,0.1,0,0
19,70,0.1,0,0
7,71,0.1,0,0
10,71,0.1,0,0
10,71,0.1,0,0
13,71,0.1,0,0
6,72,0.1,0,0
8,74,0.1,0,0
14,74,0.1,0,0
14,75,0.1,0,0
42,75,0.1,0,0
8,78,0.1,0,0
13,78,0.1,0,0
8,79,0.1,0,0
9,79,0.1,0,0
13,79,0.1,0,0
41,80,0.1,0,0
14,81,0.1,0,0
29,81,0.1,0,0
15,82,0.1,0,0
17,82,0.1,0,0
9,83,0.1,0,0
37,83,0.1,0,0
40,83,0.1,0,0
7,84,0.1,0,0
10,84,0.1,0,0
31,84,0.1,0,0
38,84,0.1,0,0
11,85,0.1,0,0
30,85,0.1,0,0
38,85,0.1,0,0
15,89,0.1,0,0
17,89,0.1,0,0
18,89,0.1,0,0
17,90,0.1,0,0
17,91,0.1,0,0
15,95,0.1,0,0
29,98,0.1,0,0
30,99,0.1,0,0
29,111,0.1,0,0
27,113,0.1,0,0
32,113,0.1,0,0
3,170,0.1,0,1
11,8,0.2,0,0
23,8,0.2,0,0
11,9,0.2,0,0
11,9,0.2,0,0
20,9,0.2,0,0
28,9,0.2,0,0
33,9,0.2,0,0
27,10,0.2,0,0
16,11,0.2,0,0
19,11,0.2,0,0
21,11,0.2,0,0
26,11,0.2,0,0
31,11,0.2,0,0
23,12,0.2,0,0
26,12,0.2,0,0
27,12,0.2,0,0
29,12,0.2,0,0
31,12,0.2,0,0
16,13,0.2,0,0
25,13,0.2,0,0
11,14,0.2,0,0
28,15,0.2,0,0
31,15,0.2,0,0
32,15,0.2,0,0
14,18,0.2,0,0
20,18,0.2,0,0
24,18,0.2,0,0
33,18,0.2,0,0
11,19,0.2,0,0
15,19,0.2,0,0
27,19,0.2,0,0
36,19,0.2,0,0
21,20,0.2,0,0
29,20,0.2,0,0
29,20,0.2,0,0
11,21,0.2,0,0
13,21,0.2,0,0
13,21,0.2,0,0
18,21,0.2,0,0
26,21,0.2,0,0
26,21,0.2,0,0
30,21,0.2,0,0
12,22,0.2,0,0
19,22,0.2,0,0
21,22,0.2,0,0
25,22,0.2,0,0
33,22,0.2,0,0
38,22,0.2,0,0
10,23,0.2,0,0
11,23,0.2,0,0
13,23,0.2,0,0
26,23,0.2,0,0
27,23,0.2,0,0
31,23,0.2,0,0
32,23,0.2,0,0
33,23,0.2,0,0
33,23,0.2,0,0
24,24,0.2,0,0
25,24,0.2,0,0
29,24,0.2,0,0
29,24,0.2,0,0
30,24,0.2,0,0
32,24,0.2,0,0
34,24,0.2,0,0
13,25,0.2,0,0
31,25,0.2,0,0
32,25,0.2,0,0
37,25,0.2,0,0
5,28,0.2,0,0
26,28,0.2,0,0
29,28,0.2,0,0
32,28,0.2,0,0
35,28,0.2,0,0
6,29,0.2,0,0
8,29,0.2,0,0
12,29,0.2,0,0
35,29,0.2,0,0
13,30,0.2,0,0
28,30,0.2,0,0
35,30,0.2,0,0
28,31,0.2,0,0
37,31,0.2,0,0
36,32,0.2,0,0
37,32,0.2,0,0
27,33,0.2,0,0
34,33,0.2,0,0
3,34,0.2,0,0
11,34,0.2,0,0
33,34,0.2,0,0
33,34,0.2,0,0
24,35,0.2,0,0
27,35,0.2,0,0
33,35,0.2,0,0
34,35,0.2,0,0
35,35,0.2,0,0
35,35,0.2,0,0
7,38,0.2,0,0
8,38,0.2,0,0
16,38,0.2,0,0
30,38,0.2,0,0
3,39,0.2,0,0
8,39,0.2,0,0
20,39,0.2,0,0
27,39,0.2,0,0
29,39,0.2,0,0
3,41,0.2,0,0
19,41,0.2,0,0
31,41,0.2,0,0
32,41,0.2,0,0
6,42,0.2,0,0
8,42,0.2,0,0
12,43,0.2,0,0
27,43,0.2,0,0
27,43,0.2,0,0
31,43,0.2,0,0
5,44,0.2,0,0
6,44,0.2,0,0
8,44,0.2,0,0
9,44,0.2,0,0
11,44,0.2,0,0
34,44,0.2,0,0
3,45,0.2,0,0
10,45,0.2,0,0
19,45,0.2,0,0
30,45,0.2,0,0
12,48,0.2,0,0
28,48,0.2,0,0
4,51,0.2,0,0
6,51,0.2,0,0
8,52,0.2,0,0
18,53,0.2,0,0
7,54,0.2,0,0
17,55,0.2,0,0
18,55,0.2,0,0
29,55,0.2,0,0
14,58,0.2,0,0
31,58,0.2,0,0
11,59,0.2,0,0
13,59,0.2,0,0
15,59,0.2,0,0
18,60,0.2,0,0
27,60,0.2,0,0
12,61,0.2,0,0
14,61,0.2,0,0
29,62,0.2,0,0
13,63,0.2,0,0
14,64,0.2,0,0
0,65,0.2,0,0
28,65,0.2,0,0
21,68,0.2,0,0
24,68,0.2,0,0
19,70,0.2,0,0
0,71,0.2,0,0
19,72,0.2,0,0
19,75,0.2,0,0
2,78,0.2,0,0
3,78,0.2,0,0
5,78,0.2,0,0
22,78,0.2,0,0
23,79,0.2,0,0
24,79,0.2,0,0
1,80,0.2,0,0
3,81,0.2,0,0
4,81,0.2,0,0
17,81,0.2,0,0
19,81,0.2,0,0
3,82,0.2,0,0
1,83,0.2,0,0
16,83,0.2,0,0
3,84,0.2,0,0
19,84,0.2,0,0
16,85,0.2,0,0
17,85,0.2,0,0
1,91,0.2,0,0
2,92,0.2,0,0
21,92,0.2,0,0
2,93,0.2,0,0
22,93,0.2,0,0
3,94,0.2,0,0
6,95,0.2,0,0
3,110,0.2,0,0
5,111,0.2,0,0
1,113,0.2,0,0
3,113,0.2,0,0
4,113,0.2,0,0
12,113,0.2,0,1
4,114,0.2,0,0
1,122,0.2,0,0
39,122,0.2,0,1
5,124,0.2,0,0
32,124,0.2,0,1
29,141,0.2,0,1
37,149,0.2,0,1
25,8,0.3,0,0
28,8,0.3,0,0
32,8,0.3,0,0
40,8,0.3,0,0
11,9,0.3,0,0
13,9,0.3,0,0
16,9,0.3,0,0
32,9,0.3,0,0
37,9,0.3,0,0
14,10,0.3,0,0
16,10,0.3,0,0
32,11,0.3,0,0
34,11,0.3,0,0
13,12,0.3,0,0
29,12,0.3,0,0
32,12,0.3,0,0
6,13,0.3,0,0
30,13,0.3,0,0
37,13,0.3,0,0
8,14,0.3,0,0
36,14,0.3,0,0
11,15,0.3,0,0
14,15,0.3,0,0
16,15,0.3,0,0
33,15,0.3,0,0
40,15,0.3,0,0
4,18,0.3,0,0
4,18,0.3,0,0
4,18,0.3,0,0
5,18,0.3,0,0
5,18,0.3,0,0
6,18,0.3,0,0
8,18,0.3,0,0
25,18,0.3,0,0
28,18,0.3,0,0
35,18,0.3,0,0
16,19,0.3,0,0
18,19,0.3,0,0
34,19,0.3,0,0
34,19,0.3,0,0
5,20,0.3,0,0
8,20,0.3,0,0
10,20,0.3,0,0
28,20,0.3,0,0
31,20,0.3,0,0
37,20,0.3,0,0
32,21,0.3,0,0
34,21,0.3,0,0
36,21,0.3,0,0
40,21,0.3,0,0
6,22,0.3,0,0
14,22,0.3,0,0
18,22,0.3,0,0
18,22,0.3,0,0
23,22,0.3,0,0
24,22,0.3,0,0
34,22,0.3,0,0
4,23,0.3,0,0
9,23,0.3,0,0
16,23,0.3,0,0
26,23,0.3,0,0
31,23,0.3,0,0
32,23,0.3,0,0
35,23,0.3,0,0
35,23,0.3,0,0
38,23,0.3,0,0
9,24,0.3,0,0
14,24,0.3,0,0
14,24,0.3,0,0
25,24,0.3,0,0
37,24,0.3,0,0
39,24,0.3,0,0
1,25,0.3,0,0
4,25,0.3,0,0
4,25,0.3,0,0
6,25,0.3,0,0
34,25,0.3,0,0
35,25,0.3,0,0
36,25,0.3,0,0
5,28,0.3,0,0
6,28,0.3,0,0
19,28,0.3,0,0
19,28,0.3,0,0
19,28,0.3,0,0
26,28,0.3,0,0
32,28,0.3,0,0
33,28,0.3,0,0
5,29,0.3,0,0
5,29,0.3,0,0
18,29,0.3,0,0
18,29,0.3,0,0
21,29,0.3,0,0
21,29,0.3,0,0
25,29,0.3,0,0
34,29,0.3,0,0
37,29,0.3,0,0
3,30,0.3,0,0
5,30,0.3,0,0
11,30,0.3,0,0
15,30,0.3,0,0
20,30,0.3,0,0
2,31,0.3,0,0
3,31,0.3,0,0
3,31,0.3,0,0
6,31,0.3,0,0
8,31,0.3,0,0
18,31,0.3,0,0
19,31,0.3,0,0
24,31,0.3,0,0
35,31,0.3,0,0
5,32,0.3,0,0
6,32,0.3,0,0
19,32,0.3,0,0
35,32,0.3,0,0
38,32,0.3,0,0
9,33,0.3,0,0
20,33,0.3,0,0
34,33,0.3,0,0
4,34,0.3,0,0
18,34,0.3,0,0
19,34,0.3,0,0
26,34,0.3,0,0
33,34,0.3,0,0
35,34,0.3,0,0
4,35,0.3,0,0
6,35,0.3,0,0
10,35,0.3,0,0
19,35,0.3,0,0
24,35,0.3,0,0
12,38,0.3,0,0
35,38,0.3,0,0
38,38,0.3,0,0
12,39,0.3,0,0
18,39,0.3,0,0
36,39,0.3,0,0
4,40,0.3,0,0
21,40,0.3,0,0
32,40,0.3,0,0
13,41,0.3,0,0
18,41,0.3,0,0
20,41,0.3,0,0
14,42,0.3,0,0
14,42,0.3,0,0
18,42,0.3,0,0
20,42,0.3,0,0
9,43,0.3,0,0
18,43,0.3,0,0
20,43,0.3,0,0
30,43,0.3,0,0
33,43,0.3,0,0
6,44,0.3,0,0
7,44,0.3,0,0
16,44,0.3,0,0
17,44,0.3,0,0
21,44,0.3,0,0
25,44,0.3,0,0
34,44,0.3,0,0
36,44,0.3,0,0
23,45,0.3,0,0
17,48,0.3,0,0
23,48,0.3,0,0
22,53,0.3,0,0
0,54,0.3,0,0
32,54,0.3,0,0
34,54,0.3,0,0
20,55,0.3,0,0
21,58,0.3,0,0
20,62,0.3,0,0
29,62,0.3,0,0
30,64,0.3,0,0
33,64,0.3,0,0
3,69,0.3,0,0
25,69,0.3,0,0
2,70,0.3,0,0
23,70,0.3,0,0
30,70,0.3,0,0
17,71,0.3,0,0
19,71,0.3,0,0
19,71,0.3,0,0
29,71,0.3,0,0
20,72,0.3,0,0
20,72,0.3,0,0
29,72,0.3,0,0
32,72,0.3,0,0
3,73,0.3,0,0
1,74,0.3,0,0
0,75,0.3,0,0
19,75,0.3,0,0
24,79,0.3,0,0
17,80,0.3,0,0
19,81,0.3,0,0
23,83,0.3,0,0
32,88,0.3,0,0
28,90,0.3,0,0
29,90,0.3,0,0
32,90,0.3,0,0
25,93,0.3,0,0
23,94,0.3,0,0
24,95,0.3,0,0
26,95,0.3,0,0
28,101,0.3,0,0
25,102,0.3,0,0
24,103,0.3,0,0
24,112,0.3,0,0
18,114,0.3,0,0
23,114,0.3,0,0
18,115,0.3,0,0
29,118,0.3,0,0
17,121,0.3,0,0
19,122,0.3,0,0
20,122,0.3,0,0
20,122,0.3,0,0
31,124,0.3,0,0
13,129,0.3,0,1
23,129,0.3,0,0
21,132,0.3,0,0
25,132,0.3,0,0
29,132,0.3,0,0
31,134,0.3,0,0
35,135,0.3,0,1
22,145,0.3,0,0
25,145,0.3,0,0
23,190,0.3,0,1
9,8,0.4,0,0
23,8,0.4,0,0
23,8,0.4,0,0
3,10,0.4,0,0
8,10,0.4,0,0
29,10,0.4,0,0
36,10,0.4,0,0
37,10,0.4,0,0
5,11,0.4,0,0
28,11,0.4,0,0
24,12,0.4,0,0
27,12,0.4,0,0
2,13,0.4,0,0
24,13,0.4,0,0
25,13,0.4,0,0
0,14,0.4,0,0
7,14,0.4,0,0
24,14,0.4,0,0
25,14,0.4,0,0
38,14,0.4,0,0
0,15,0.4,0,0
4,15,0.4,0,0
25,15,0.4,0,0
36,15,0.4,0,0
37,15,0.4,0,0
3,18,0.4,0,0
5,18,0.4,0,0
7,18,0.4,0,0
7,18,0.4,0,0
7,18,0.4,0,0
9,18,0.4,0,0
24,18,0.4,0,0
25,18,0.4,0,0
41,18,0.4,0,0
2,19,0.4,0,0
10,19,0.4,0,0
16,19,0.4,0,0
20,19,0.4,0,0
22,19,0.4,0,0
23,19,0.4,0,0
25,19,0.4,0,0
26,19,0.4,0,0
37,19,0.4,0,0
1,20,0.4,0,0
7,20,0.4,0,0
14,20,0.4,0,0
23,20,0.4,0,0
37,20,0.4,0,0
37,20,0.4,0,0
41,20,0.4,0,0
5,21,0.4,0,0
5,21,0.4,0,0
25,21,0.4,0,0
27,21,0.4,0,0
28,21,0.4,0,0
36,21,0.4,0,0
37,21,0.4,0,0
37,21,0.4,0,0
39,21,0.4,0,0
7,22,0.4,0,0
9,22,0.4,0,0
22,22,0.4,0,0
22,22,0.4,0,0
28,22,0.4,0,0
29,22,0.4,0,0
30,22,0.4,0,0
5,23,0.4,0,0
23,23,0.4,0,0
25,23,0.4,0,0
27,23,0.4,0,0
28,23,0.4,0,0
30,23,0.4,0,0
34,23,0.4,0,0
37,23,0.4,0,0
4,24,0.4,0,0
11,24,0.4,0,0
22,24,0.4,0,0
25,24,0.4,0,0
25,24,0.4,0,0
27,24,0.4,0,0
30,24,0.4,0,0
39,24,0.4,0,0
14,25,0.4,0,0
20,25,0.4,0,0
24,25,0.4,0,0
24,25,0.4,0,0
29,25,0.4,0,0
39,25,0.4,0,0
14,28,0.4,0,0
13,29,0.4,0,0
14,29,0.4,0,0
6,30,0.4,0,0
8,30,0.4,0,0
22,30,0.4,0,0
34,30,0.4,0,0
5,31,0.4,0,0
7,31,0.4,0,0
25,31,0.4,0,0
27,31,0.4,0,0
28,31,0.4,0,0
34,31,0.4,0,0
35,31,0.4,0,0
35,31,0.4,0,0
36,31,0.4,0,0
37,31,0.4,0,0
25,32,0.4,0,0
30,32,0.4,0,0
35,32,0.4,0,0
36,32,0.4,0,0
13,33,0.4,0,0
28,33,0.4,0,0
29,33,0.4,0,0
35,33,0.4,0,0
5,34,0.4,0,0
5,34,0.4,0,0
5,34,0.4,0,0
26,34,0.4,0,0
12,35,0.4,0,0
23,35,0.4,0,0
37,39,0.4,0,0
35,40,0.4,0,0
35,40,0.4,0,0
34,41,0.4,0,0
35,42,0.4,0,0
35,43,0.4,0,0
19,58,0.4,0,0
17,59,0.4,0,0
19,60,0.4,0,0
20,61,0.4,0,0
16,64,0.4,0,0
23,65,0.4,0,0
19,69,0.4,0,0
17,73,0.4,0,0
18,74,0.4,0,0
16,78,0.4,0,0
14,80,0.4,0,0
21,80,0.4,0,0
15,81,0.4,0,0
16,81,0.4,0,0
16,81,0.4,0,0
24,81,0.4,0,0
15,82,0.4,0,0
19,82,0.4,0,0
21,82,0.4,0,0
19,83,0.4,0,0
22,83,0.4,0,0
24,83,0.4,0,0
22,84,0.4,0,0
15,85,0.4,0,0
15,85,0.4,0,0
20,85,0.4,0,0
14,89,0.4,0,0
17,98,0.4,0,0
17,98,0.4,0,0
18,98,0.4,0,0
14,101,0.4,0,0
16,111,0.4,0,0
18,113,0.4,0,0
17,114,0.4,0,0
17,115,0.4,0,0
30,121,0.4,0,0
25,128,0.4,0,0
26,128,0.4,0,0
34,139,0.4,0,1
26,148,0.4,0,0
25,149,0.4,0,0
28,149,0.4,0,0
27,155,0.4,0,0
18,158,0.4,0,1
25,163,0.4,0,0
28,163,0.4,0,0
26,8,0.5,0,0
4,9,0.5,0,0
23,9,0.5,0,0
24,9,0.5,0,0
7,10,0.5,0,0
37,10,0.5,0,0
3,11,0.5,0,0
7,11,0.5,0,0
23,12,0.5,0,0
27,12,0.5,0,0
5,13,0.5,0,0
7,13,0.5,0,0
36,13,0.5,0,0
4,14,0.5,0,0
5,14,0.5,0,0
12,18,0.5,0,0
23,18,0.5,0,0
41,18,0.5,0,0
41,18,0.5,0,0
19,19,0.5,0,0
20,19,0.5,0,0
22,19,0.5,0,0
23,19,0.5,0,0
34,19,0.5,0,0
37,19,0.5,0,0
2,20,0.5,0,0
5,20,0.5,0,0
8,20,0.5,0,0
19,20,0.5,0,0
27,20,0.5,0,0
40,20,0.5,0,0
10,21,0.5,0,0
28,21,0.5,0,0
28,21,0.5,0,0
34,21,0.5,0,0
5,22,0.5,0,0
10,22,0.5,0,0
26,22,0.5,0,0
26,22,0.5,0,0
26,22,0.5,0,0
27,22,0.5,0,0
24,23,0.5,0,0
36,23,0.5,0,0
39,23,0.5,0,0
11,24,0.5,0,0
26,24,0.5,0,0
33,24,0.5,0,0
23,25,0.5,0,0
24,25,0.5,0,0
36,25,0.5,0,0
17,28,0.5,0,0
19,28,0.5,0,0
33,28,0.5,0,0
38,28,0.5,0,0
18,29,0.5,0,0
19,29,0.5,0,0
20,29,0.5,0,0
36,29,0.5,0,0
18,30,0.5,0,0
19,30,0.5,0,0
19,30,0.5,0,0
22,30,0.5,0,0
19,31,0.5,0,0
19,31,0.5,0,0
37,31,0.5,0,0
16,32,0.5,0,0
17,32,0.5,0,0
18,33,0.5,0,0
21,33,0.5,0,0
35,33,0.5,0,0
19,35,0.5,0,0
38,35,0.5,0,0
39,35,0.5,0,0
39,35,0.5,0,0
18,38,0.5,0,0
35,38,0.5,0,0
37,38,0.5,0,0
14,39,0.5,0,0
15,39,0.5,0,0
20,40,0.5,0,0
36,40,0.5,0,0
36,40,0.5,0,0
13,41,0.5,0,0
16,41,0.5,0,0
18,41,0.5,0,0
21,41,0.5,0,0
37,41,0.5,0,0
11,42,0.5,0,0
32,42,0.5,0,0
36,42,0.5,0,0
39,42,0.5,0,0
13,43,0.5,0,0
32,44,0.5,0,0
39,44,0.5,0,0
37,45,0.5,0,0
16,49,0.5,0,0
35,49,0.5,0,0
40,49,0.5,0,0
13,50,0.5,0,0
13,52,0.5,0,0
32,52,0.5,0,0
33,52,0.5,0,0
35,52,0.5,0,0
36,53,0.5,0,0
15,54,0.5,0,0
35,55,0.5,0,0
15,58,0.5,0,0
13,59,0.5,0,0
14,59,0.5,0,0
38,59,0.5,0,0
11,60,0.5,0,0
36,60,0.5,0,0
14,61,0.5,0,0
14,61,0.5,0,0
17,61,0.5,0,0
14,63,0.5,0,0
40,63,0.5,0,0
16,64,0.5,0,0
16,64,0.5,0,0
13,65,0.5,0,0
15,65,0.5,0,0
16,65,0.5,0,0
16,65,0.5,0,0
19,69,0.5,0,0
16,70,0.5,0,0
36,78,0.5,0,0
34,80,0.5,0,0
35,80,0.5,0,0
35,80,0.5,0,0
18,83,0.5,0,0
18,89,0.5,0,0
18,89,0.5,0,0
36,89,0.5,0,0
37,90,0.5,0,0
16,91,0.5,0,0
37,92,0.5,0,0
20,94,0.5,0,0
20,94,0.5,0,0
34,94,0.5,0,0
17,95,0.5,0,0
37,95,0.5,0,0
27,115,0.5,0,1
30,122,0.5,0,0
5,131,0.5,0,1
13,140,0.5,0,1
30,140,0.5,0,1
33,140,0.5,0,0
30,141,0.5,0,0
32,145,0.5,0,0
28,159,0.5,0,0
31,159,0.5,0,0
32,163,0.5,0,0
25,173,0.5,0,1
31,175,0.5,0,0
38,8,0.6,0,0
38,9,0.6,0,0
24,11,0.6,0,0
20,12,0.6,0,0
36,12,0.6,0,0
39,13,0.6,0,0
41,14,0.6,0,0
20,15,0.6,0,0
21,15,0.6,0,0
25,15,0.6,0,0
38,15,0.6,0,0
7,18,0.6,0,0
16,18,0.6,0,0
23,19,0.6,0,0
14,20,0.6,0,0
7,21,0.6,0,0
14,21,0.6,0,0
24,21,0.6,0,0
25,21,0.6,0,0
5,22,0.6,0,0
15,22,0.6,0,0
23,22,0.6,0,0
39,22,0.6,0,0
23,23,0.6,0,0
39,24,0.6,0,0
20,25,0.6,0,0
22,25,0.6,0,0
41,25,0.6,0,0
9,28,0.6,0,0
17,28,0.6,0,0
23,28,0.6,0,0
7,29,0.6,0,0
7,29,0.6,0,0
17,29,0.6,0,0
23,29,0.6,0,0
19,30,0.6,0,0
25,30,0.6,0,0
25,30,0.6,0,0
15,31,0.6,0,0
7,32,0.6,0,0
7,32,0.6,0,0
19,32,0.6,0,0
21,32,0.6,0,0
23,32,0.6,0,0
29,32,0.6,0,0
19,34,0.6,0,0
25,34,0.6,0,0
28,34,0.6,0,0
5,35,0.6,0,0
18,35,0.6,0,0
21,38,0.6,0,0
21,38,0.6,0,0
24,38,0.6,0,0
1,39,0.6,0,0
21,39,0.6,0,0
12,40,0.6,0,0
19,40,0.6,0,0
21,40,0.6,0,0
28,41,0.6,0,0
28,41,0.6,0,0
30,41,0.6,0,0
22,42,0.6,0,0
26,42,0.6,0,0
0,44,0.6,0,0
0,44,0.6,0,0
21,44,0.6,0,0
28,44,0.6,0,0
16,45,0.6,0,0
19,45,0.6,0,0
24,45,0.6,0,0
25,45,0.6,0,0
25,45,0.6,0,0
26,45,0.6,0,0
17,48,0.6,0,0
1,50,0.6,0,0
16,50,0.6,0,0
17,51,0.6,0,0
1,54,0.6,0,0
3,54,0.6,0,0
14,54,0.6,0,0
13,58,0.6,0,0
14,60,0.6,0,0
15,61,0.6,0,0
8,78,0.6,0,0
9,78,0.6,0,0
10,81,0.6,0,0
7,84,0.6,0,0
9,84,0.6,0,0
5,92,0.6,0,0
7,100,0.6,0,0
6,101,0.6,0,0
9,101,0.6,0,0
3,103,0.6,0,0
10,104,0.6,0,0
24,109,0.6,0,0
25,112,0.6,0,0
31,113,0.6,0,1
12,114,0.6,0,0
25,114,0.6,0,0
2,119,0.6,0,0
4,120,0.6,0,0
5,123,0.6,0,0
6,124,0.6,0,0
3,125,0.6,0,0
23,128,0.6,0,0
25,130,0.6,0,0
31,131,0.6,0,1
23,132,0.6,0,0
26,133,0.6,0,0
5,135,0.6,0,0
27,135,0.6,0,0
34,151,0.6,0,1
16,8,0.67,0,0
18,10,0.67,0,0
17,12,0.67,0,0
20,13,0.67,0,0
4,19,0.67,0,0
19,19,0.67,0,0
3,20,0.67,0,0
6,21,0.67,0,0
8,21,0.67,0,0
8,21,0.67,0,0
5,22,0.67,0,0
8,23,0.67,0,0
21,23,0.67,0,0
21,23,0.67,0,0
19,24,0.67,0,0
6,25,0.67,0,0
20,25,0.67,0,0
7,8,0.7,0,0
8,8,0.7,0,0
35,8,0.7,0,0
11,9,0.7,0,0
21,9,0.7,0,0
31,9,0.7,0,0
7,10,0.7,0,0
12,10,0.7,0,0
23,10,0.7,0,0
33,10,0.7,0,0
34,10,0.7,0,0
34,11,0.7,0,0
26,12,0.7,0,0
32,12,0.7,0,0
21,13,0.7,0,0
25,13,0.7,0,0
31,13,0.7,0,0
9,14,0.7,0,0
25,14,0.7,0,0
35,14,0.7,0,0
22,15,0.7,0,0
30,15,0.7,0,0
26,19,0.7,0,0
29,19,0.7,0,0
32,19,0.7,0,0
34,19,0.7,0,0
9,20,0.7,0,0
39,20,0.7,0,0
10,21,0.7,0,0
25,21,0.7,0,0
29,21,0.7,0,0
29,21,0.7,0,0
30,21,0.7,0,0
8,22,0.7,0,0
39,22,0.7,0,0
32,23,0.7,0,0
39,23,0.7,0,0
30,24,0.7,0,0
33,24,0.7,0,0
24,25,0.7,0,0
31,25,0.7,0,0
34,25,0.7,0,0
17,28,0.7,0,0
26,28,0.7,0,0
29,28,0.7,0,0
36,28,0.7,0,0
30,29,0.7,0,0
36,29,0.7,0,0
38,29,0.7,0,0
27,30,0.7,0,0
28,30,0.7,0,0
29,30,0.7,0,0
31,30,0.7,0,0
36,30,0.7,0,0
39,30,0.7,0,0
40,30,0.7,0,0
25,32,0.7,0,0
37,32,0.7,0,0
38,32,0.7,0,0
17,33,0.7,0,0
27,33,0.7,0,0
28,33,0.7,0,0
16,34,0.7,0,0
17,34,0.7,0,0
27,34,0.7,0,0
28,34,0.7,0,0
30,34,0.7,0,0
19,35,0.7,0,0
36,35,0.7,0,0
15,38,0.7,0,0
19,38,0.7,0,0
31,38,0.7,0,0
27,39,0.7,0,0
28,39,0.7,0,0
31,39,0.7,0,0
37,39,0.7,0,0
12,42,0.7,0,0
14,42,0.7,0,0
24,42,0.7,0,0
25,42,0.7,0,0
37,42,0.7,0,0
38,42,0.7,0,0
40,42,0.7,0,0
14,43,0.7,0,0
18,43,0.7,0,0
18,43,0.7,0,0
20,43,0.7,0,0
25,44,0.7,0,0
30,44,0.7,0,0
15,45,0.7,0,0
17,45,0.7,0,0
18,45,0.7,0,0
30,45,0.7,0,0
37,45,0.7,0,0
2,48,0.7,0,0
6,49,0.7,0,0
17,51,0.7,0,0
6,52,0.7,0,0
34,52,0.7,0,0
15,53,0.7,0,0
17,53,0.7,0,0
13,54,0.7,0,0
14,54,0.7,0,0
20,54,0.7,0,0
2,55,0.7,0,0
16,55,0.7,0,0
16,55,0.7,0,0
10,58,0.7,0,0
25,58,0.7,0,0
19,60,0.7,0,0
23,60,0.7,0,0
21,61,0.7,0,0
12,62,0.7,0,0
13,62,0.7,0,0
29,62,0.7,0,0
15,63,0.7,0,0
32,63,0.7,0,0
10,64,0.7,0,0
9,65,0.7,0,0
13,65,0.7,0,0
23,65,0.7,0,0
25,65,0.7,0,0
32,68,0.7,0,0
3,69,0.7,0,0
4,69,0.7,0,0
4,69,0.7,0,0
32,69,0.7,0,0
33,70,0.7,0,0
9,71,0.7,0,0
5,72,0.7,0,0
12,72,0.7,0,0
18,72,0.7,0,0
33,72,0.7,0,0
32,73,0.7,0,0
33,73,0.7,0,0
20,74,0.7,0,0
22,74,0.7,0,0
24,74,0.7,0,0
32,74,0.7,0,0
34,74,0.7,0,0
35,74,0.7,0,0
10,75,0.7,0,0
18,75,0.7,0,0
13,78,0.7,0,0
22,79,0.7,0,0
23,79,0.7,0,0
24,79,0.7,0,0
13,80,0.7,0,0
33,80,0.7,0,0
24,81,0.7,0,0
20,82,0.7,0,0
10,83,0.7,0,0
22,83,0.7,0,0
12,84,0.7,0,0
13,84,0.7,0,0
20,84,0.7,0,0
24,84,0.7,0,0
33,91,0.7,0,0
36,92,0.7,0,0
33,93,0.7,0,0
34,95,0.7,0,0
0,129,0.7,0,1
29,131,0.7,0,1
25,175,0.7,0,1
10,19,0.75,0,0
14,19,0.75,0,0
15,20,0.75,0,0
15,28,0.75,0,0
10,29,0.75,0,0
15,32,0.75,0,0
13,33,0.75,0,0
14,33,0.75,0,0
11,35,0.75,0,0
37,8,0.8,0,0
39,10,0.8,0,0
37,11,0.8,0,0
24,13,0.8,0,0
25,14,0.8,0,0
28,14,0.8,0,0
23,15,0.8,0,0
27,15,0.8,0,0
34,15,0.8,0,0
37,15,0.8,0,0
28,18,0.8,0,0
28,19,0.8,0,0
16,20,0.8,0,0
37,20,0.8,0,0
26,21,0.8,0,0
38,21,0.8,0,0
27,22,0.8,0,0
34,23,0.8,0,0
12,24,0.8,0,0
15,24,0.8,0,0
13,25,0.8,0,0
16,25,0.8,0,0
35,25,0.8,0,0
3,28,0.8,0,0
5,28,0.8,0,0
7,28,0.8,0,0
11,28,0.8,0,0
14,28,0.8,0,0
14,28,0.8,0,0
30,28,0.8,0,0
3,29,0.8,0,0
15,29,0.8,0,0
30,29,0.8,0,0
5,30,0.8,0,0
10,30,0.8,0,0
14,30,0.8,0,0
13,31,0.8,0,0
13,32,0.8,0,0
32,32,0.8,0,0
14,33,0.8,0,0
4,35,0.8,0,0
7,35,0.8,0,0
11,35,0.8,0,0
11,35,0.8,0,0
5,38,0.8,0,0
28,38,0.8,0,0
35,38,0.8,0,0
7,39,0.8,0,0
8,39,0.8,0,0
13,39,0.8,0,0
27,39,0.8,0,0
27,39,0.8,0,0
28,39,0.8,0,0
30,39,0.8,0,0
4,40,0.8,0,0
35,40,0.8,0,0
39,40,0.8,0,0
8,41,0.8,0,0
29,41,0.8,0,0
37,41,0.8,0,0
7,42,0.8,0,0
33,42,0.8,0,0
7,43,0.8,0,0
6,44,0.8,0,0
6,44,0.8,0,0
7,44,0.8,0,0
26,44,0.8,0,0
32,44,0.8,0,0
27,45,0.8,0,0
37,45,0.8,0,0
19,48,0.8,0,0
37,48,0.8,0,0
29,49,0.8,0,0
39,49,0.8,0,0
27,50,0.8,0,0
15,52,0.8,0,0
20,52,0.8,0,0
18,53,0.8,0,0
31,53,0.8,0,0
34,53,0.8,0,0
39,53,0.8,0,0
15,54,0.8,0,0
38,54,0.8,0,0
34,55,0.8,0,0
4,58,0.8,0,0
36,58,0.8,0,0
18,59,0.8,0,0
27,59,0.8,0,0
27,59,0.8,0,0
30,59,0.8,0,0
19,62,0.8,0,0
20,62,0.8,0,0
24,62,0.8,0,0
34,62,0.8,0,0
18,63,0.8,0,0
21,63,0.8,0,0
23,63,0.8,0,0
27,63,0.8,0,0
28,64,0.8,0,0
29,64,0.8,0,0
34,64,0.8,0,0
20,68,0.8,0,0
26,68,0.8,0,0
5,69,0.8,0,0
5,69,0.8,0,0
20,69,0.8,0,0
25,70,0.8,0,0
18,71,0.8,0,0
23,71,0.8,0,0
1,72,0.8,0,0
20,72,0.8,0,0
4,73,0.8,0,0
21,73,0.8,0,0
22,73,0.8,0,0
17,78,0.8,0,0
29,78,0.8,0,0
26,79,0.8,0,0
29,79,0.8,0,0
29,79,0.8,0,0
30,79,0.8,0,0
1,80,0.8,0,0
4,80,0.8,0,0
26,80,0.8,0,0
40,80,0.8,0,0
17,81,0.8,0,0
20,81,0.8,0,0
23,81,0.8,0,0
28,81,0.8,0,0
0,82,0.8,0,0
15,82,0.8,0,0
37,82,0.8,0,0
4,83,0.8,0,0
16,83,0.8,0,0
28,83,0.8,0,0
5,84,0.8,0,0
12,84,0.8,0,0
3,85,0.8,0,0
0,88,0.8,0,0
3,88,0.8,0,0
18,88,0.8,0,0
16,89,0.8,0,0
18,89,0.8,0,0
21,89,0.8,0,0
27,89,0.8,0,0
27,89,0.8,0,0
3,90,0.8,0,0
18,90,0.8,0,0
21,90,0.8,0,0
22,90,0.8,0,0
18,91,0.8,0,0
24,91,0.8,0,0
25,91,0.8,0,0
17,93,0.8,0,0
20,93,0.8,0,0
21,93,0.8,0,0
27,93,0.8,0,0
4,94,0.8,0,0
29,94,0.8,0,0
2,95,0.8,0,0
15,100,0.8,0,0
14,103,0.8,0,0
39,103,0.8,0,0
13,105,0.8,0,0
13,111,0.8,0,0
9,113,0.8,0,1
39,113,0.8,0,0
39,114,0.8,0,0
41,114,0.8,0,0
41,114,0.8,0,0
13,115,0.8,0,0
3,120,0.8,0,0
3,123,0.8,0,0
11,139,0.8,0,1
5,141,0.8,0,0
3,142,0.8,0,0
10,142,0.8,0,1
6,145,0.8,0,0
3,149,0.8,0,0
4,150,0.8,0,0
2,155,0.8,0,0
9,178,0.8,0,1
6,182,0.8,0,1
1,8,0.9,0,0
23,11,0.9,0,0
0,13,0.9,0,0
6,13,0.9,0,0
25,13,0.9,0,0
32,13,0.9,0,0
34,13,0.9,0,0
0,14,0.9,0,0
8,14,0.9,0,0
9,14,0.9,0,0
7,15,0.9,0,0
33,15,0.9,0,0
1,18,0.9,0,0
6,18,0.9,0,0
22,18,0.9,0,0
25,19,0.9,0,0
26,19,0.9,0,0
32,19,0.9,0,0
5,21,0.9,0,0
32,21,0.9,0,0
4,22,0.9,0,0
10,22,0.9,0,0
5,23,0.9,0,0
9,23,0.9,0,0
1,24,0.9,0,0
21,24,0.9,0,0
24,24,0.9,0,0
0,25,0.9,0,0
3,25,0.9,0,0
8,25,0.9,0,0
23,25,0.9,0,0
31,25,0.9,0,0
33,25,0.9,0,0
8,28,0.9,0,0
9,29,0.9,0,0
24,29,0.9,0,0
25,30,0.9,0,0
27,31,0.9,0,0
28,31,0.9,0,0
10,33,0.9,0,0
25,33,0.9,0,0
11,34,0.9,0,0
25,34,0.9,0,0
26,35,0.9,0,0
27,35,0.9,0,0
16,38,0.9,0,0
26,38,0.9,0,0
26,38,0.9,0,0
28,38,0.9,0,0
28,38,0.9,0,0
36,38,0.9,0,0
31,39,0.9,0,0
32,39,0.9,0,0
32,39,0.9,0,0
9,40,0.9,0,0
9,40,0.9,0,0
13,40,0.9,0,0
34,40,0.9,0,0
6,41,0.9,0,0
37,41,0.9,0,0
35,43,0.9,0,0
35,43,0.9,0,0
9,44,0.9,0,0
25,44,0.9,0,0
25,44,0.9,0,0
28,44,0.9,0,0
9,45,0.9,0,0
30,45,0.9,0,0
36,54,0.9,0,0
28,55,0.9,0,0
30,55,0.9,0,0
36,55,0.9,0,0
36,55,0.9,0,0
37,55,0.9,0,0
12,58,0.9,0,0
30,58,0.9,0,0
13,59,0.9,0,0
17,59,0.9,0,0
11,61,0.9,0,0
12,61,0.9,0,0
28,61,0.9,0,0
15,62,0.9,0,0
16,62,0.9,0,0
11,64,0.9,0,0
31,64,0.9,0,0
13,69,0.9,0,0
13,74,0.9,0,0
11,75,0.9,0,0
8,81,0.9,0,0
11,81,0.9,0,0
9,82,0.9,0,0
11,82,0.9,0,0
37,98,0.9,0,0
35,108,0.9,0,0
35,113,0.9,0,0
35,128,0.9,0,0
38,129,0.9,0,0
36,131,0.9,0,0
33,134,0.9,0,1
27,139,0.9,0,1
40,140,0.9,0,0
39,145,0.9,0,0
11,188,0.9,0,1
36,8,1,0,0
14,9,1,0,0
17,9,1,0,0
23,9,1,0,0
9,10,1,0,0
36,10,1,0,0
15,11,1,0,0
17,11,1,0,0
35,11,1,0,0
2,12,1,0,0
16,12,1,0,0
24,12,1,0,0
26,12,1,0,0
27,12,1,0,0
27,12,1,0,0
1,13,1,0,0
10,13,1,0,0
26,13,1,0,0
15,14,1,0,0
17,14,1,0,0
24,14,1,0,0
26,14,1,0,0
35,14,1,0,0
20,15,1,0,0
23,15,1,0,0
12,18,1,0,0
23,18,1,0,0
9,19,1,0,0
23,19,1,0,0
1,20,1,0,0
2,20,1,0,0
3,20,1,0,0
3,20,1,0,0
24,20,1,0,0
25,20,1,0,0
1,21,1,0,0
5,21,1,0,0
8,21,1,0,0
11,21,1,0,0
15,21,1,0,0
24,21,1,0,0
26,21,1,0,0
35,21,1,0,0
12,22,1,0,0
17,22,1,0,0
18,22,1,0,0
20,22,1,0,0
23,22,1,0,0
5,23,1,0,0
12,23,1,0,0
22,23,1,0,0
23,23,1,0,0
11,24,1,0,0
13,24,1,0,0
15,24,1,0,0
15,24,1,0,0
38,24,1,0,0
6,25,1,0,0
6,25,1,0,0
7,25,1,0,0
10,25,1,0,0
11,25,1,0,0
12,25,1,0,0
12,25,1,0,0
14,25,1,0,0
16,25,1,0,0
17,25,1,0,0
25,25,1,0,0
28,25,1,0,0
33,25,1,0,0
1,28,1,0,0
5,28,1,0,0
6,28,1,0,0
9,28,1,0,0
10,28,1,0,0
22,28,1,0,0
3,29,1,0,0
6,29,1,0,0
10,29,1,0,0
11,29,1,0,0
17,29,1,0,0
24,29,1,0,0
24,29,1,0,0
0,30,1,0,0
2,30,1,0,0
2,30,1,0,0
3,30,1,0,0
4,30,1,0,0
5,30,1,0,0
8,30,1,0,0
9,30,1,0,0
9,30,1,0,0
37,30,1,0,0
5,31,1,0,0
6,31,1,0,0
7,31,1,0,0
9,31,1,0,0
25,31,1,0,0
34,31,1,0,0
3,32,1,0,0
4,32,1,0,0
6,32,1,0,0
14,32,1,0,0
23,32,1,0,0
0,33,1,0,0
2,33,1,0,0
4,33,1,0,0
23,33,1,0,0
15,34,1,0,0
6,35,1,0,0
7,35,1,0,0
10,35,1,0,0
25,35,1,0,0
0,38,1,0,0
0,38,1,0,0
7,38,1,0,0
8,38,1,0,0
8,38,1,0,0
14,38,1,0,0
26,38,1,0,0
27,38,1,0,0
28,38,1,0,0
35,38,1,0,0
4,39,1,0,0
15,39,1,0,0
23,39,1,0,0
27,39,1,0,0
28,39,1,0,0
0,40,1,0,0
0,40,1,0,0
2,40,1,0,0
9,40,1,0,0
18,40,1,0,0
30,40,1,0,0
37,40,1,0,0
38,40,1,0,0
4,41,1,0,0
5,41,1,0,0
8,41,1,0,0
9,41,1,0,0
25,41,1,0,0
25,41,1,0,0
36,41,1,0,0
5,42,1,0,0
25,42,1,0,0
26,42,1,0,0
3,43,1,0,0
4,43,1,0,0
27,43,1,0,0
8,44,1,0,0
9,44,1,0,0
16,44,1,0,0
18,44,1,0,0
23,44,1,0,0
25,44,1,0,0
25,44,1,0,0
36,44,1,0,0
37,44,1,0,0
4,45,1,0,0
8,45,1,0,0
18,45,1,0,0
37,45,1,0,0
8,48,1,0,0
8,48,1,0,0
28,50,1,0,0
5,51,1,0,0
29,51,1,0,0
7,52,1,0,0
8,52,1,0,0
27,52,1,0,0
6,53,1,0,0
25,53,1,0,0
4,54,1,0,0
7,58,1,0,0
6,62,1,0,0
8,62,1,0,0
27,63,1,0,0
29,63,1,0,0
28,64,1,0,0
25,65,1,0,0
29,69,1,0,0
17,78,1,0,0
30,78,1,0,0
16,79,1,0,0
15,82,1,0,0
15,83,1,0,0
29,83,1,0,0
30,88,1,0,0
32,88,1,0,0
32,89,1,0,0
28,91,1,0,0
29,94,1,0,0
29,95,1,0,0
16,98,1,0,0
16,99,1,0,0
18,103,1,0,0
14,104,1,0,0
16,104,1,0,0
18,104,1,0,0
17,108,1,0,0
16,109,1,0,0
14,113,1,0,0
16,113,1,0,0
17,113,1,0,0
13,114,1,0,0
14,115,1,0,0
37,125,1,0,1
24,130,1,0,0
25,148,1,0,0
28,155,1,0,0
27,170,1,0,0
10,172,1,0,1
24,173,1,0,0
26,178,1,0,0
24,179,1,0,0
26,180,1,0,0
28,183,1,0,0
9,20,1.1,0,0
10,23,1.1,0,0
10,24,1.1,0,0
7,28,1.1,0,0
10,29,1.1,0,0
9,31,1.1,0,0
38,31,1.1,0,0
9,32,1.1,0,0
40,32,1.1,0,0
42,32,1.1,0,0
40,34,1.1,0,0
37,38,1.1,0,0
39,38,1.1,0,0
41,38,1.1,0,0
4,39,1.1,0,0
11,40,1.1,0,0
12,40,1.1,0,0
26,40,1.1,0,0
40,40,1.1,0,0
40,40,1.1,0,0
2,41,1.1,0,0
39,41,1.1,0,0
43,41,1.1,0,0
26,42,1.1,0,0
27,42,1.1,0,0
1,43,1.1,0,0
15,43,1.1,0,0
27,43,1.1,0,0
28,43,1.1,0,0
11,44,1.1,0,0
37,44,1.1,0,0
30,45,1.1,0,0
4,49,1.1,0,0
28,49,1.1,0,0
3,50,1.1,0,0
38,50,1.1,0,0
15,51,1.1,0,0
41,51,1.1,0,0
3,52,1.1,0,0
12,52,1.1,0,0
39,52,1.1,0,0
40,52,1.1,0,0
42,53,1.1,0,0
0,54,1.1,0,0
14,54,1.1,0,0
2,55,1.1,0,0
3,55,1.1,0,0
13,55,1.1,0,0
29,55,1.1,0,0
41,55,1.1,0,0
26,70,1.1,0,0
17,72,1.1,0,0
30,73,1.1,0,0
28,74,1.1,0,0
15,75,1.1,0,0
22,78,1.1,0,0
21,79,1.1,0,0
29,79,1.1,0,0
22,80,1.1,0,0
18,84,1.1,0,0
20,84,1.1,0,0
27,84,1.1,0,0
20,85,1.1,0,0
22,85,1.1,0,0
18,88,1.1,0,0
15,90,1.1,0,0
20,90,1.1,0,0
27,92,1.1,0,0
28,92,1.1,0,0
18,94,1.1,0,0
18,94,1.1,0,0
28,94,1.1,0,0
17,98,1.1,0,0
20,99,1.1,0,0
19,109,1.1,0,0
29,111,1.1,0,1
30,121,1.1,0,1
25,130,1.1,0,1
7,132,1.1,0,1
16,175,1.1,0,1
35,18,1.2,0,0
34,19,1.2,0,0
32,22,1.2,0,0
37,22,1.2,0,0
32,23,1.2,0,0
32,28,1.2,0,0
33,28,1.2,0,0
10,31,1.2,0,0
10,33,1.2,0,0
34,35,1.2,0,0
35,35,1.2,0,0
22,39,1.2,0,0
25,39,1.2,0,0
20,40,1.2,0,0
39,40,1.2,0,0
9,41,1.2,0,0
40,41,1.2,0,0
10,42,1.2,0,0
22,42,1.2,0,0
9,43,1.2,0,0
11,43,1.2,0,0
12,43,1.2,0,0
22,43,1.2,0,0
38,43,1.2,0,0
7,44,1.2,0,0
9,44,1.2,0,0
12,45,1.2,0,0
6,48,1.2,0,0
23,49,1.2,0,0
21,52,1.2,0,0
9,53,1.2,0,0
22,54,1.2,0,0
37,54,1.2,0,0
38,58,1.2,0,0
26,59,1.2,0,0
35,59,1.2,0,0
8,60,1.2,0,0
9,60,1.2,0,0
5,62,1.2,0,0
40,63,1.2,0,0
40,63,1.2,0,0
7,64,1.2,0,0
8,65,1.2,0,0
27,65,1.2,0,0
26,70,1.2,0,0
23,74,1.2,0,0
26,78,1.2,0,0
24,80,1.2,0,0
25,81,1.2,0,0
13,84,1.2,0,0
11,85,1.2,0,0
14,85,1.2,0,0
28,85,1.2,0,0
11,98,1.2,0,0
12,100,1.2,0,0
11,101,1.2,0,0
9,104,1.2,0,0
9,105,1.2,0,0
14,108,1.2,0,0
16,111,1.2,0,1
26,115,1.2,0,1
31,131,1.2,0,1
39,182,1.2,0,1
36,18,1.3,0,0
37,18,1.3,0,0
32,19,1.3,0,0
37,19,1.3,0,0
8,20,1.3,0,0
35,20,1.3,0,0
10,21,1.3,0,0
34,21,1.3,0,0
35,22,1.3,0,0
35,22,1.3,0,0
33,23,1.3,0,0
32,24,1.3,0,0
26,28,1.3,0,0
31,28,1.3,0,0
23,29,1.3,0,0
25,29,1.3,0,0
35,29,1.3,0,0
36,29,1.3,0,0
0,30,1.3,0,0
34,30,1.3,0,0
36,30,1.3,0,0
36,30,1.3,0,0
10,31,1.3,0,0
32,31,1.3,0,0
32,31,1.3,0,0
11,32,1.3,0,0
2,34,1.3,0,0
21,34,1.3,0,0
21,34,1.3,0,0
25,34,1.3,0,0
7,35,1.3,0,0
7,35,1.3,0,0
9,35,1.3,0,0
22,35,1.3,0,0
23,35,1.3,0,0
36,35,1.3,0,0
25,38,1.3,0,0
28,38,1.3,0,0
32,38,1.3,0,0
36,38,1.3,0,0
21,39,1.3,0,0
35,39,1.3,0,0
36,39,1.3,0,0
5,40,1.3,0,0
20,40,1.3,0,0
25,40,1.3,0,0
3,41,1.3,0,0
34,41,1.3,0,0
36,41,1.3,0,0
39,41,1.3,0,0
0,42,1.3,0,0
0,42,1.3,0,0
26,42,1.3,0,0
2,43,1.3,0,0
23,43,1.3,0,0
26,43,1.3,0,0
27,43,1.3,0,0
35,43,1.3,0,0
0,44,1.3,0,0
4,45,1.3,0,0
23,45,1.3,0,0
27,45,1.3,0,0
34,45,1.3,0,0
38,45,1.3,0,0
39,45,1.3,0,0
24,48,1.3,0,0
34,48,1.3,0,0
37,50,1.3,0,0
24,51,1.3,0,0
24,51,1.3,0,0
38,52,1.3,0,0
7,54,1.3,0,0
34,54,1.3,0,0
10,55,1.3,0,0
26,55,1.3,0,0
8,58,1.3,0,0
25,58,1.3,0,0
25,58,1.3,0,0
29,58,1.3,0,0
9,60,1.3,0,0
33,60,1.3,0,0
31,61,1.3,0,0
26,62,1.3,0,0
9,65,1.3,0,0
8,68,1.3,0,0
9,70,1.3,0,0
9,71,1.3,0,0
10,74,1.3,0,0
31,80,1.3,0,0
27,81,1.3,0,0
25,82,1.3,0,0
30,82,1.3,0,0
31,82,1.3,0,0
25,84,1.3,0,0
32,84,1.3,0,0
5,85,1.3,0,0
28,85,1.3,0,0
29,85,1.3,0,0
5,90,1.3,0,0
3,92,1.3,0,0
26,98,1.3,0,0
28,98,1.3,0,0
7,111,1.3,0,0
26,113,1.3,0,0
5,115,1.3,0,0
3,121,1.3,0,0
6,122,1.3,0,0
35,122,1.3,0,0
19,123,1.3,0,1
5,125,1.3,0,0
37,129,1.3,0,0
40,129,1.3,0,0
36,130,1.3,0,0
38,153,1.3,0,0
37,155,1.3,0,0
18,162,1.3,0,1
37,162,1.3,0,0
40,162,1.3,0,0
25,163,1.3,0,1
13,168,1.3,0,1
24,188,1.3,0,1
1,190,1.3,0,1
12,29,1.33,0,0
11,32,1.33,0,0
7,35,1.33,0,0
9,38,1.33,0,0
10,38,1.33,0,0
10,41,1.33,0,0
12,42,1.33,0,0
10,44,1.33,0,0
10,45,1.33,0,0
13,19,1.4,0,0
25,19,1.4,0,0
26,19,1.4,0,0
9,20,1.4,0,0
17,20,1.4,0,0
20,20,1.4,0,0
9,21,1.4,0,0
18,21,1.4,0,0
14,22,1.4,0,0
15,22,1.4,0,0
18,22,1.4,0,0
16,23,1.4,0,0
23,23,1.4,0,0
15,25,1.4,0,0
23,25,1.4,0,0
14,28,1.4,0,0
15,28,1.4,0,0
22,28,1.4,0,0
11,29,1.4,0,0
12,29,1.4,0,0
25,29,1.4,0,0
12,30,1.4,0,0
16,30,1.4,0,0
21,30,1.4,0,0
31,30,1.4,0,0
14,31,1.4,0,0
15,31,1.4,0,0
11,32,1.4,0,0
16,32,1.4,0,0
24,32,1.4,0,0
32,32,1.4,0,0
14,33,1.4,0,0
18,33,1.4,0,0
22,33,1.4,0,0
25,33,1.4,0,0
16,35,1.4,0,0
16,35,1.4,0,0
22,35,1.4,0,0
29,35,1.4,0,0
24,38,1.4,0,0
25,38,1.4,0,0
32,38,1.4,0,0
33,38,1.4,0,0
24,39,1.4,0,0
30,39,1.4,0,0
31,40,1.4,0,0
21,41,1.4,0,0
23,41,1.4,0,0
31,41,1.4,0,0
32,41,1.4,0,0
32,42,1.4,0,0
25,43,1.4,0,0
32,43,1.4,0,0
34,43,1.4,0,0
22,44,1.4,0,0
28,45,1.4,0,0
31,45,1.4,0,0
24,49,1.4,0,0
26,49,1.4,0,0
32,49,1.4,0,0
26,50,1.4,0,0
35,50,1.4,0,0
31,51,1.4,0,0
34,51,1.4,0,0
35,51,1.4,0,0
25,52,1.4,0,0
31,52,1.4,0,0
29,53,1.4,0,0
22,55,1.4,0,0
27,55,1.4,0,0
30,55,1.4,0,0
22,59,1.4,0,0
33,59,1.4,0,0
35,60,1.4,0,0
23,61,1.4,0,0
29,61,1.4,0,0
24,62,1.4,0,0
26,62,1.4,0,0
24,63,1.4,0,0
27,68,1.4,0,0
24,69,1.4,0,0
14,70,1.4,0,0
25,70,1.4,0,0
26,70,1.4,0,0
28,70,1.4,0,0
22,71,1.4,0,0
23,71,1.4,0,0
25,71,1.4,0,0
26,71,1.4,0,0
22,72,1.4,0,0
24,72,1.4,0,0
24,72,1.4,0,0
28,73,1.4,0,0
14,74,1.4,0,0
22,74,1.4,0,0
24,75,1.4,0,0
24,75,1.4,0,0
28,75,1.4,0,0
14,78,1.4,0,0
24,79,1.4,0,0
33,81,1.4,0,0
20,82,1.4,0,0
22,83,1.4,0,0
34,83,1.4,0,0
13,88,1.4,0,0
23,88,1.4,0,0
12,89,1.4,0,0
13,89,1.4,0,0
22,89,1.4,0,0
25,90,1.4,0,0
12,91,1.4,0,0
25,91,1.4,0,0
14,92,1.4,0,0
29,99,1.4,0,0
32,99,1.4,0,0
33,102,1.4,0,0
34,105,1.4,0,0
32,111,1.4,0,0
29,112,1.4,0,0
32,113,1.4,0,0
23,130,1.4,0,0
24,133,1.4,0,1
25,135,1.4,0,0
21,142,1.4,0,1
21,152,1.4,0,0
22,152,1.4,0,0
22,162,1.4,0,1
23,171,1.4,0,0
20,173,1.4,0,0
20,175,1.4,0,0
11,181,1.4,0,1
26,182,1.4,0,1
21,183,1.4,0,0
21,183,1.4,0,0
14,18,1.5,0,0
31,18,1.5,0,0
35,18,1.5,0,0
37,18,1.5,0,0
40,18,1.5,0,0
19,19,1.5,0,0
31,19,1.5,0,0
32,19,1.5,0,0
4,20,1.5,0,0
17,21,1.5,0,0
15,22,1.5,0,0
19,22,1.5,0,0
30,22,1.5,0,0
30,22,1.5,0,0
37,22,1.5,0,0
29,23,1.5,0,0
35,23,1.5,0,0
11,24,1.5,0,0
35,24,1.5,0,0
36,24,1.5,0,0
13,25,1.5,0,0
0,28,1.5,0,0
14,28,1.5,0,0
16,28,1.5,0,0
21,28,1.5,0,0
28,28,1.5,0,0
30,28,1.5,0,0
30,28,1.5,0,0
2,29,1.5,0,0
4,29,1.5,0,0
10,29,1.5,0,0
27,29,1.5,0,0
29,29,1.5,0,0
29,29,1.5,0,0
30,29,1.5,0,0
40,29,1.5,0,0
2,30,1.5,0,0
33,30,1.5,0,0
2,31,1.5,0,0
2,31,1.5,0,0
26,31,1.5,0,0
30,31,1.5,0,0
30,31,1.5,0,0
16,32,1.5,0,0
21,32,1.5,0,0
38,32,1.5,0,0
3,33,1.5,0,0
12,33,1.5,0,0
13,33,1.5,0,0
18,33,1.5,0,0
32,33,1.5,0,0
32,33,1.5,0,0
32,33,1.5,0,0
1,34,1.5,0,0
10,34,1.5,0,0
11,34,1.5,0,0
19,34,1.5,0,0
31,34,1.5,0,0
33,34,1.5,0,0
14,35,1.5,0,0
16,35,1.5,0,0
29,35,1.5,0,0
30,35,1.5,0,0
39,35,1.5,0,0
11,38,1.5,0,0
12,38,1.5,0,0
13,38,1.5,0,0
29,38,1.5,0,0
4,39,1.5,0,0
4,39,1.5,0,0
27,39,1.5,0,0
29,39,1.5,0,0
37,39,1.5,0,0
34,41,1.5,0,0
36,41,1.5,0,0
38,41,1.5,0,0
2,42,1.5,0,0
10,42,1.5,0,0
11,42,1.5,0,0
34,42,1.5,0,0
35,42,1.5,0,0
37,42,1.5,0,0
1,43,1.5,0,0
5,43,1.5,0,0
33,43,1.5,0,0
4,44,1.5,0,0
27,44,1.5,0,0
30,44,1.5,0,0
32,44,1.5,0,0
30,45,1.5,0,0
33,45,1.5,0,0
35,48,1.5,0,0
36,48,1.5,0,0
3,49,1.5,0,0
39,49,1.5,0,0
4,50,1.5,0,0
5,50,1.5,0,0
31,50,1.5,0,0
37,50,1.5,0,0
32,51,1.5,0,0
36,51,1.5,0,0
35,52,1.5,0,0
21,53,1.5,0,0
26,54,1.5,0,0
36,54,1.5,0,0
15,55,1.5,0,0
20,55,1.5,0,0
4,58,1.5,0,0
13,59,1.5,0,0
26,59,1.5,0,0
39,59,1.5,0,0
38,61,1.5,0,0
14,62,1.5,0,0
25,62,1.5,0,0
31,62,1.5,0,0
16,63,1.5,0,0
26,63,1.5,0,0
34,63,1.5,0,0
38,63,1.5,0,0
13,64,1.5,0,0
14,64,1.5,0,0
32,64,1.5,0,0
40,64,1.5,0,0
15,65,1.5,0,0
15,65,1.5,0,0
21,65,1.5,0,0
22,65,1.5,0,0
35,65,1.5,0,0
23,68,1.5,0,0
24,68,1.5,0,0
25,68,1.5,0,0
25,68,1.5,0,0
14,69,1.5,0,0
15,69,1.5,0,0
8,70,1.5,0,0
23,70,1.5,0,0
27,72,1.5,0,0
14,73,1.5,0,0
20,73,1.5,0,0
15,75,1.5,0,0
23,75,1.5,0,0
6,79,1.5,0,0
6,80,1.5,0,0
7,80,1.5,0,0
4,81,1.5,0,0
4,82,1.5,0,0
8,82,1.5,0,0
4,83,1.5,0,0
5,83,1.5,0,0
3,84,1.5,0,0
11,89,1.5,0,0
10,91,1.5,0,0
13,93,1.5,0,0
13,94,1.5,0,0
6,99,1.5,0,0
5,110,1.5,0,0
6,111,1.5,0,0
5,115,1.5,0,0
0,119,1.5,0,0
5,121,1.5,0,0
5,128,1.5,0,0
4,129,1.5,0,0
6,133,1.5,0,1
0,135,1.5,0,0
2,135,1.5,0,0
19,142,1.5,0,1
3,148,1.5,0,0
5,149,1.5,0,0
35,155,1.5,0,1
4,159,1.5,0,0
0,38,1.6,0,0
4,38,1.6,0,0
35,39,1.6,0,0
34,40,1.6,0,0
26,42,1.6,0,0
33,42,1.6,0,0
25,43,1.6,0,0
33,43,1.6,0,0
0,44,1.6,0,0
32,44,1.6,0,0
35,44,1.6,0,0
3,45,1.6,0,0
27,45,1.6,0,0
2,48,1.6,0,0
26,48,1.6,0,0
32,48,1.6,0,0
1,49,1.6,0,0
31,49,1.6,0,0
3,51,1.6,0,0
28,51,1.6,0,0
33,51,1.6,0,0
34,52,1.6,0,0
0,53,1.6,0,0
1,53,1.6,0,0
3,53,1.6,0,0
27,53,1.6,0,0
31,53,1.6,0,0
1,54,1.6,0,0
1,54,1.6,0,0
24,54,1.6,0,0
30,54,1.6,0,0
26,55,1.6,0,0
27,55,1.6,0,0
28,55,1.6,0,0
28,55,1.6,0,0
0,59,1.6,0,0
3,59,1.6,0,0
32,59,1.6,0,0
34,59,1.6,0,0
0,60,1.6,0,0
34,60,1.6,0,0
29,61,1.6,0,0
35,61,1.6,0,0
2,62,1.6,0,0
2,63,1.6,0,0
32,63,1.6,0,0
33,63,1.6,0,0
34,63,1.6,0,0
35,63,1.6,0,0
36,63,1.6,0,0
32,64,1.6,0,0
27,68,1.6,0,0
29,68,1.6,0,0
30,69,1.6,0,0
30,70,1.6,0,0
30,70,1.6,0,0
32,70,1.6,0,0
5,72,1.6,0,0
28,72,1.6,0,0
31,73,1.6,0,0
31,74,1.6,0,0
30,78,1.6,0,0
29,79,1.6,0,0
30,79,1.6,0,0
1,80,1.6,0,0
32,80,1.6,0,0
33,80,1.6,0,0
34,80,1.6,0,0
7,81,1.6,0,0
32,83,1.6,0,0
32,84,1.6,0,0
32,84,1.6,0,0
34,84,1.6,0,0
34,84,1.6,0,0
0,85,1.6,0,0
0,85,1.6,0,0
1,85,1.6,0,0
5,85,1.6,0,0
5,85,1.6,0,0
7,88,1.6,0,0
34,88,1.6,0,0
35,88,1.6,0,0
35,88,1.6,0,0
7,90,1.6,0,0
5,91,1.6,0,0
35,91,1.6,0,0
7,92,1.6,0,0
6,93,1.6,0,0
33,93,1.6,0,0
35,93,1.6,0,0
33,95,1.6,0,0
4,112,1.6,0,1
9,123,1.6,0,1
31,165,1.6,0,1
9,40,1.67,0,0
33,40,1.67,0,0
33,41,1.67,0,0
8,43,1.67,0,0
8,44,1.67,0,0
8,48,1.67,0,0
6,49,1.67,0,0
9,49,1.67,0,0
31,49,1.67,0,0
34,50,1.67,0,0
33,52,1.67,0,0
32,53,1.67,0,0
34,53,1.67,0,0
6,54,1.67,0,0
8,55,1.67,0,0
35,55,1.67,0,0
36,55,1.67,0,0
0,28,1.7,0,0
27,28,1.7,0,0
0,30,1.7,0,0
11,30,1.7,0,0
23,30,1.7,0,0
11,31,1.7,0,0
7,32,1.7,0,0
10,33,1.7,0,0
24,33,1.7,0,0
10,34,1.7,0,0
10,34,1.7,0,0
14,34,1.7,0,0
1,35,1.7,0,0
10,35,1.7,0,0
25,35,1.7,0,0
1,38,1.7,0,0
10,38,1.7,0,0
11,38,1.7,0,0
34,38,1.7,0,0
8,39,1.7,0,0
11,39,1.7,0,0
24,39,1.7,0,0
5,40,1.7,0,0
32,40,1.7,0,0
2,41,1.7,0,0
5,41,1.7,0,0
13,41,1.7,0,0
15,41,1.7,0,0
35,41,1.7,0,0
18,42,1.7,0,0
25,42,1.7,0,0
33,42,1.7,0,0
10,43,1.7,0,0
14,43,1.7,0,0
15,43,1.7,0,0
23,43,1.7,0,0
14,44,1.7,0,0
28,44,1.7,0,0
2,45,1.7,0,0
3,45,1.7,0,0
10,45,1.7,0,0
24,45,1.7,0,0
18,49,1.7,0,0
33,49,1.7,0,0
35,49,1.7,0,0
4,50,1.7,0,0
16,50,1.7,0,0
36,50,1.7,0,0
31,51,1.7,0,0
31,51,1.7,0,0
3,52,1.7,0,0
34,52,1.7,0,0
38,52,1.7,0,0
22,53,1.7,0,0
30,53,1.7,0,0
19,54,1.7,0,0
30,54,1.7,0,0
1,55,1.7,0,0
2,55,1.7,0,0
3,55,1.7,0,0
17,55,1.7,0,0
30,55,1.7,0,0
24,58,1.7,0,0
37,58,1.7,0,0
35,59,1.7,0,0
36,59,1.7,0,0
31,60,1.7,0,0
24,61,1.7,0,0
33,61,1.7,0,0
34,61,1.7,0,0
37,61,1.7,0,0
38,63,1.7,0,0
33,64,1.7,0,0
34,64,1.7,0,0
34,64,1.7,0,0
34,64,1.7,0,0
31,65,1.7,0,0
34,65,1.7,0,0
22,69,1.7,0,0
36,69,1.7,0,0
13,71,1.7,0,0
22,71,1.7,0,0
24,71,1.7,0,0
19,72,1.7,0,0
20,72,1.7,0,0
22,73,1.7,0,0
33,73,1.7,0,0
11,75,1.7,0,0
36,75,1.7,0,0
30,78,1.7,0,0
37,78,1.7,0,0
28,79,1.7,0,0
39,79,1.7,0,0
35,80,1.7,0,0
37,80,1.7,0,0
38,80,1.7,0,0
27,81,1.7,0,0
27,81,1.7,0,0
29,81,1.7,0,0
32,81,1.7,0,0
11,82,1.7,0,0
20,82,1.7,0,0
13,83,1.7,0,0
19,83,1.7,0,0
35,83,1.7,0,0
19,85,1.7,0,0
21,85,1.7,0,0
36,85,1.7,0,0
21,88,1.7,0,0
13,89,1.7,0,0
13,89,1.7,0,0
15,91,1.7,0,0
19,91,1.7,0,0
19,93,1.7,0,0
13,95,1.7,0,0
13,95,1.7,0,0
38,99,1.7,0,0
38,99,1.7,0,0
38,100,1.7,0,0
39,100,1.7,0,0
30,101,1.7,0,0
28,102,1.7,0,0
37,105,1.7,0,0
39,105,1.7,0,0
41,105,1.7,0,0
43,105,1.7,0,0
15,109,1.7,0,0
36,109,1.7,0,0
32,110,1.7,0,0
35,112,1.7,0,0
13,113,1.7,0,1
19,113,1.7,0,0
37,113,1.7,0,0
19,114,1.7,0,0
41,115,1.7,0,0
1,134,1.7,0,1
18,143,1.7,0,0
18,145,1.7,0,0
20,149,1.7,0,0
17,153,1.7,0,0
17,154,1.7,0,0
24,180,1.7,0,0
25,180,1.7,0,0
26,180,1.7,0,0
25,181,1.7,0,0
25,185,1.7,0,0
26,191,1.7,0,0
27,192,1.7,0,0
26,194,1.7,0,0
24,195,1.7,0,0
1,51,1.75,0,0
3,59,1.75,0,0
0,63,1.75,0,0
2,71,1.75,0,0
23,29,1.8,0,0
5,31,1.8,0,0
26,31,1.8,0,0
23,32,1.8,0,0
24,32,1.8,0,0
5,33,1.8,0,0
4,34,1.8,0,0
3,35,1.8,0,0
26,35,1.8,0,0
5,39,1.8,0,0
35,39,1.8,0,0
25,40,1.8,0,0
1,41,1.8,0,0
18,41,1.8,0,0
25,41,1.8,0,0
8,42,1.8,0,0
35,42,1.8,0,0
38,42,1.8,0,0
4,43,1.8,0,0
33,43,1.8,0,0
8,44,1.8,0,0
16,44,1.8,0,0
24,44,1.8,0,0
6,45,1.8,0,0
13,45,1.8,0,0
17,45,1.8,0,0
26,45,1.8,0,0
33,45,1.8,0,0
35,45,1.8,0,0
14,48,1.8,0,0
29,48,1.8,0,0
5,49,1.8,0,0
14,49,1.8,0,0
16,49,1.8,0,0
5,50,1.8,0,0
24,50,1.8,0,0
36,50,1.8,0,0
2,51,1.8,0,0
2,51,1.8,0,0
26,52,1.8,0,0
3,53,1.8,0,0
15,53,1.8,0,0
27,53,1.8,0,0
3,54,1.8,0,0
4,54,1.8,0,0
6,54,1.8,0,0
18,54,1.8,0,0
33,55,1.8,0,0
35,55,1.8,0,0
27,58,1.8,0,0
32,58,1.8,0,0
40,58,1.8,0,0
12,60,1.8,0,0
32,60,1.8,0,0
27,61,1.8,0,0
30,61,1.8,0,0
26,62,1.8,0,0
27,62,1.8,0,0
28,62,1.8,0,0
28,62,1.8,0,0
31,62,1.8,0,0
9,63,1.8,0,0
1,64,1.8,0,0
12,64,1.8,0,0
26,64,1.8,0,0
30,64,1.8,0,0
39,64,1.8,0,0
3,65,1.8,0,0
29,65,1.8,0,0
5,68,1.8,0,0
35,68,1.8,0,0
3,69,1.8,0,0
3,69,1.8,0,0
0,71,1.8,0,0
3,71,1.8,0,0
8,71,1.8,0,0
11,71,1.8,0,0
5,72,1.8,0,0
7,73,1.8,0,0
1,74,1.8,0,0
3,74,1.8,0,0
8,75,1.8,0,0
6,78,1.8,0,0
30,78,1.8,0,0
38,78,1.8,0,0
15,79,1.8,0,0
36,79,1.8,0,0
3,80,1.8,0,0
4,80,1.8,0,0
13,80,1.8,0,0
15,80,1.8,0,0
7,81,1.8,0,0
28,81,1.8,0,0
28,81,1.8,0,0
36,81,1.8,0,0
40,81,1.8,0,0
5,82,1.8,0,0
8,82,1.8,0,0
19,82,1.8,0,0
5,83,1.8,0,0
6,83,1.8,0,0
37,83,1.8,0,0
38,83,1.8,0,0
38,83,1.8,0,0
39,83,1.8,0,0
5,84,1.8,0,0
6,84,1.8,0,0
11,84,1.8,0,0
35,84,1.8,0,0
35,84,1.8,0,0
39,84,1.8,0,0
5,85,1.8,0,0
9,85,1.8,0,0
29,85,1.8,0,0
36,85,1.8,0,0
0,88,1.8,0,0
1,88,1.8,0,0
6,90,1.8,0,0
0,91,1.8,0,0
5,93,1.8,0,0
7,94,1.8,0,0
3,95,1.8,0,0
16,98,1.8,0,0
29,98,1.8,0,0
39,98,1.8,0,0
40,98,1.8,0,0
5,99,1.8,0,0
17,99,1.8,0,0
31,103,1.8,0,0
4,104,1.8,0,0
14,104,1.8,0,0
16,104,1.8,0,0
3,108,1.8,0,0
2,109,1.8,0,0
21,109,1.8,0,1
2,110,1.8,0,0
26,110,1.8,0,0
38,110,1.8,0,0
2,112,1.8,0,0
6,112,1.8,0,0
19,113,1.8,0,0
17,114,1.8,0,0
34,145,1.8,0,1
6,29,1.9,0,0
20,29,1.9,0,0
21,30,1.9,0,0
6,32,1.9,0,0
39,32,1.9,0,0
29,33,1.9,0,0
5,34,1.9,0,0
38,35,1.9,0,0
42,35,1.9,0,0
4,38,1.9,0,0
20,38,1.9,0,0
22,38,1.9,0,0
25,39,1.9,0,0
26,39,1.9,0,0
30,39,1.9,0,0
39,39,1.9,0,0
42,39,1.9,0,0
3,40,1.9,0,0
19,40,1.9,0,0
21,40,1.9,0,0
1,41,1.9,0,0
3,41,1.9,0,0
28,41,1.9,0,0
21,42,1.9,0,0
41,42,1.9,0,0
23,43,1.9,0,0
24,43,1.9,0,0
24,43,1.9,0,0
38,43,1.9,0,0
40,43,1.9,0,0
4,44,1.9,0,0
27,44,1.9,0,0
28,44,1.9,0,0
32,44,1.9,0,0
38,44,1.9,0,0
28,48,1.9,0,0
19,49,1.9,0,0
18,50,1.9,0,0
21,51,1.9,0,0
33,51,1.9,0,0
18,52,1.9,0,0
17,53,1.9,0,0
21,53,1.9,0,0
22,53,1.9,0,0
17,54,1.9,0,0
20,55,1.9,0,0
28,59,1.9,0,0
31,59,1.9,0,0
33,60,1.9,0,0
31,61,1.9,0,0
30,64,1.9,0,0
21,69,1.9,0,0
20,70,1.9,0,0
20,70,1.9,0,0
22,70,1.9,0,0
20,71,1.9,0,0
21,71,1.9,0,0
21,71,1.9,0,0
19,74,1.9,0,0
19,74,1.9,0,0
20,75,1.9,0,0
27,75,1.9,0,0
30,75,1.9,0,0
18,78,1.9,0,0
35,81,1.9,0,0
37,84,1.9,0,0
1,85,1.9,0,0
2,85,1.9,0,0
18,85,1.9,0,0
19,85,1.9,0,0
33,88,1.9,0,0
15,89,1.9,0,0
20,89,1.9,0,0
22,89,1.9,0,0
28,89,1.9,0,0
33,89,1.9,0,0
30,90,1.9,0,0
34,90,1.9,0,0
35,90,1.9,0,0
37,90,1.9,0,0
33,91,1.9,0,0
17,92,1.9,0,0
25,92,1.9,0,0
29,92,1.9,0,0
17,93,1.9,0,0
15,94,1.9,0,0
28,94,1.9,0,0
14,95,1.9,0,0
28,95,1.9,0,0
0,99,1.9,0,0
2,101,1.9,0,0
1,102,1.9,0,0
2,103,1.9,0,0
14,105,1.9,0,0
28,108,1.9,0,1
3,115,1.9,0,0
4,115,1.9,0,0
15,118,1.9,0,0
16,125,1.9,0,0
15,129,1.9,0,0
23,140,1.9,0,1
21,159,1.9,0,1
5,171,1.9,0,1
4,28,2,0,0
30,28,2,0,0
8,29,2,0,0
9,29,2,0,0
12,29,2,0,0
16,29,2,0,0
7,30,2,0,0
32,30,2,0,0
6,31,2,0,0
3,32,2,0,0
9,32,2,0,0
9,32,2,0,0
27,32,2,0,0
2,33,2,0,0
14,33,2,0,0
15,33,2,0,0
27,33,2,0,0
32,33,2,0,0
0,34,2,0,0
8,34,2,0,0
12,34,2,0,0
17,34,2,0,0
18,34,2,0,0
32,34,2,0,0
2,38,2,0,0
5,38,2,0,0
8,38,2,0,0
13,38,2,0,0
7,39,2,0,0
10,39,2,0,0
14,39,2,0,0
14,39,2,0,0
0,40,2,0,0
1,40,2,0,0
5,40,2,0,0
8,40,2,0,0
9,40,2,0,0
4,41,2,0,0
6,41,2,0,0
7,41,2,0,0
9,41,2,0,0
11,41,2,0,0
15,41,2,0,0
16,41,2,0,0
5,42,2,0,0
14,42,2,0,0
30,42,2,0,0
11,43,2,0,0
4,44,2,0,0
10,44,2,0,0
30,44,2,0,0
9,45,2,0,0
23,45,2,0,0
27,45,2,0,0
29,45,2,0,0
13,49,2,0,0
24,50,2,0,0
27,50,2,0,0
10,51,2,0,0
12,51,2,0,0
26,51,2,0,0
12,52,2,0,0
13,52,2,0,0
14,53,2,0,0
16,53,2,0,0
10,54,2,0,0
4,55,2,0,0
6,55,2,0,0
7,55,2,0,0
9,55,2,0,0
9,55,2,0,0
10,55,2,0,0
26,55,2,0,0
8,58,2,0,0
11,58,2,0,0
14,58,2,0,0
22,58,2,0,0
23,58,2,0,0
25,58,2,0,0
28,58,2,0,0
12,59,2,0,0
4,60,2,0,0
37,60,2,0,0
3,61,2,0,0
10,61,2,0,0
24,61,2,0,0
29,61,2,0,0
37,61,2,0,0
27,62,2,0,0
5,63,2,0,0
26,63,2,0,0
27,63,2,0,0
27,63,2,0,0
27,64,2,0,0
23,65,2,0,0
25,65,2,0,0
3,68,2,0,0
26,69,2,0,0
14,70,2,0,0
29,70,2,0,0
30,70,2,0,0
14,71,2,0,0
20,71,2,0,0
13,72,2,0,0
31,72,2,0,0
39,72,2,0,0
12,73,2,0,0
37,73,2,0,0
28,74,2,0,0
29,74,2,0,0
11,75,2,0,0
40,75,2,0,0
6,78,2,0,0
6,78,2,0,0
6,78,2,0,0
21,78,2,0,0
22,78,2,0,0
35,78,2,0,0
3,79,2,0,0
20,79,2,0,0
35,79,2,0,0
41,79,2,0,0
5,80,2,0,0
22,80,2,0,0
20,81,2,0,0
22,81,2,0,0
7,82,2,0,0
31,82,2,0,0
10,83,2,0,0
18,83,2,0,0
19,83,2,0,0
21,83,2,0,0
34,83,2,0,0
39,83,2,0,0
41,83,2,0,0
21,84,2,0,0
22,84,2,0,0
24,84,2,0,0
38,84,2,0,0
24,85,2,0,0
34,85,2,0,0
36,89,2,0,0
35,91,2,0,0
34,92,2,0,0
38,92,2,0,0
39,94,2,0,0
8,98,2,0,0
23,98,2,0,0
33,100,2,0,0
20,101,2,0,0
34,102,2,0,0
22,103,2,0,0
34,108,2,0,0
7,109,2,0,0
37,109,2,0,0
34,110,2,0,0
5,112,2,0,0
41,112,2,0,0
5,113,2,0,0
7,113,2,0,0
33,113,2,0,0
39,113,2,0,0
32,114,2,0,0
38,115,2,0,0
37,118,2,0,0
36,119,2,0,0
31,120,2,0,0
2,121,2,0,0
39,121,2,0,0
41,133,2,0,1
1,138,2,0,0
2,140,2,0,0
3,153,2,0,0
35,153,2,0,1
3,154,2,0,0
41,185,2,0,1
9,38,2.1,0,0
20,38,2.1,0,0
23,38,2.1,0,0
32,38,2.1,0,0
3,39,2.1,0,0
3,39,2.1,0,0
18,39,2.1,0,0
20,39,2.1,0,0
21,39,2.1,0,0
21,39,2.1,0,0
4,40,2.1,0,0
23,40,2.1,0,0
6,42,2.1,0,0
6,42,2.1,0,0
9,42,2.1,0,0
32,42,2.1,0,0
7,43,2.1,0,0
8,43,2.1,0,0
32,43,2.1,0,0
35,44,2.1,0,0
36,44,2.1,0,0
33,45,2.1,0,0
2,48,2.1,0,0
6,48,2.1,0,0
9,48,2.1,0,0
24,48,2.1,0,0
29,48,2.1,0,0
31,48,2.1,0,0
3,49,2.1,0,0
18,49,2.1,0,0
29,49,2.1,0,0
5,50,2.1,0,0
30,50,2.1,0,0
32,50,2.1,0,0
33,50,2.1,0,0
7,51,2.1,0,0
11,51,2.1,0,0
18,51,2.1,0,0
22,52,2.1,0,0
3,53,2.1,0,0
9,53,2.1,0,0
33,53,2.1,0,0
15,54,2.1,0,0
29,54,2.1,0,0
31,54,2.1,0,0
32,55,2.1,0,0
13,58,2.1,0,0
13,58,2.1,0,0
23,59,2.1,0,0
12,60,2.1,0,0
19,60,2.1,0,0
21,60,2.1,0,0
34,60,2.1,0,0
10,61,2.1,0,0
16,61,2.1,0,0
18,62,2.1,0,0
12,63,2.1,0,0
19,63,2.1,0,0
8,64,2.1,0,0
11,64,2.1,0,0
17,65,2.1,0,0
18,65,2.1,0,0
13,68,2.1,0,0
11,69,2.1,0,0
11,69,2.1,0,0
14,69,2.1,0,0
20,69,2.1,0,0
14,70,2.1,0,0
19,70,2.1,0,0
13,75,2.1,0,0
22,78,2.1,0,0
10,79,2.1,0,0
10,79,2.1,0,0
21,82,2.1,0,0
1,83,2.1,0,0
23,84,2.1,0,0
4,85,2.1,0,0
10,85,2.1,0,0
19,85,2.1,0,0
2,101,2.1,0,0
4,102,2.1,0,0
1,112,2.1,0,0
2,114,2.1,0,0
41,121,2.1,0,0
36,141,2.1,0,0
38,158,2.1,0,0
41,158,2.1,0,0
39,160,2.1,0,0
39,160,2.1,0,0
40,169,2.1,0,0
33,170,2.1,0,1
40,171,2.1,0,0
0,179,2.1,0,1
26,190,2.1,0,1
17,38,2.2,0,0
32,38,2.2,0,0
32,38,2.2,0,0
34,38,2.2,0,0
5,39,2.2,0,0
31,39,2.2,0,0
38,39,2.2,0,0
15,40,2.2,0,0
22,40,2.2,0,0
34,40,2.2,0,0
17,41,2.2,0,0
32,41,2.2,0,0
34,41,2.2,0,0
16,42,2.2,0,0
17,42,2.2,0,0
22,42,2.2,0,0
32,44,2.2,0,0
34,44,2.2,0,0
7,48,2.2,0,0
7,48,2.2,0,0
17,48,2.2,0,0
30,48,2.2,0,0
37,48,2.2,0,0
7,49,2.2,0,0
17,49,2.2,0,0
17,49,2.2,0,0
20,49,2.2,0,0
21,49,2.2,0,0
28,49,2.2,0,0
36,49,2.2,0,0
9,50,2.2,0,0
18,50,2.2,0,0
34,50,2.2,0,0
9,51,2.2,0,0
42,51,2.2,0,0
3,52,2.2,0,0
8,52,2.2,0,0
16,52,2.2,0,0
19,52,2.2,0,0
6,53,2.2,0,0
9,53,2.2,0,0
28,53,2.2,0,0
40,53,2.2,0,0
5,54,2.2,0,0
15,54,2.2,0,0
18,54,2.2,0,0
38,54,2.2,0,0
3,55,2.2,0,0
17,55,2.2,0,0
7,58,2.2,0,0
4,59,2.2,0,0
4,60,2.2,0,0
8,60,2.2,0,0
18,60,2.2,0,0
18,60,2.2,0,0
29,60,2.2,0,0
30,60,2.2,0,0
36,60,2.2,0,0
1,61,2.2,0,0
30,61,2.2,0,0
31,61,2.2,0,0
32,61,2.2,0,0
35,61,2.2,0,0
16,62,2.2,0,0
20,62,2.2,0,0
36,62,2.2,0,0
4,63,2.2,0,0
17,63,2.2,0,0
35,63,2.2,0,0
36,63,2.2,0,0
33,64,2.2,0,0
34,64,2.2,0,0
39,64,2.2,0,0
5,65,2.2,0,0
10,65,2.2,0,0
18,65,2.2,0,0
27,65,2.2,0,0
32,65,2.2,0,0
32,65,2.2,0,0
34,65,2.2,0,0
9,69,2.2,0,0
3,70,2.2,0,0
41,70,2.2,0,0
40,71,2.2,0,0
4,72,2.2,0,0
6,73,2.2,0,0
39,73,2.2,0,0
1,74,2.2,0,0
5,74,2.2,0,0
40,75,2.2,0,0
4,78,2.2,0,0
5,79,2.2,0,0
9,79,2.2,0,0
12,79,2.2,0,0
5,80,2.2,0,0
10,80,2.2,0,0
10,80,2.2,0,0
6,81,2.2,0,0
5,82,2.2,0,0
13,82,2.2,0,0
4,83,2.2,0,0
6,83,2.2,0,0
6,83,2.2,0,0
11,83,2.2,0,0
9,84,2.2,0,0
9,84,2.2,0,0
9,84,2.2,0,0
11,84,2.2,0,0
12,93,2.2,0,0
12,93,2.2,0,0
9,99,2.2,0,0
7,101,2.2,0,0
9,102,2.2,0,0
5,109,2.2,0,0
16,109,2.2,0,0
14,112,2.2,0,0
9,115,2.2,0,1
15,123,2.2,0,0
16,125,2.2,0,0
9,131,2.2,0,1
24,138,2.2,0,1
8,171,2.2,0,1
4,184,2.2,0,1
8,39,2.3,0,0
33,39,2.3,0,0
30,40,2.3,0,0
30,40,2.3,0,0
9,41,2.3,0,0
7,42,2.3,0,0
29,44,2.3,0,0
29,44,2.3,0,0
7,45,2.3,0,0
7,49,2.3,0,0
33,50,2.3,0,0
8,53,2.3,0,0
35,53,2.3,0,0
8,54,2.3,0,0
29,54,2.3,0,0
36,54,2.3,0,0
34,58,2.3,0,0
29,59,2.3,0,0
9,60,2.3,0,0
7,61,2.3,0,0
33,61,2.3,0,0
8,62,2.3,0,0
9,62,2.3,0,0
10,62,2.3,0,0
12,63,2.3,0,0
30,64,2.3,0,0
31,64,2.3,0,0
33,68,2.3,0,0
33,68,2.3,0,0
37,68,2.3,0,0
35,70,2.3,0,0
33,71,2.3,0,0
9,72,2.3,0,0
10,72,2.3,0,0
10,73,2.3,0,0
29,73,2.3,0,0
32,73,2.3,0,0
35,73,2.3,0,0
32,74,2.3,0,0
35,74,2.3,0,0
32,75,2.3,0,0
35,75,2.3,0,0
1,78,2.3,0,0
1,98,2.3,0,0
0,99,2.3,0,0
0,102,2.3,0,0
2,111,2.3,0,0
1,112,2.3,0,0
20,50,2.33,0,0
14,51,2.33,0,0
15,52,2.33,0,0
12,62,2.33,0,0
11,69,2.33,0,0
13,69,2.33,0,0
19,70,2.33,0,0
19,70,2.33,0,0
16,71,2.33,0,0
18,71,2.33,0,0
15,73,2.33,0,0
14,74,2.33,0,0
11,75,2.33,0,0
12,75,2.33,0,0
16,75,2.33,0,0
18,75,2.33,0,0
21,38,2.4,0,0
20,39,2.4,0,0
11,40,2.4,0,0
11,40,2.4,0,0
6,41,2.4,0,0
10,41,2.4,0,0
11,41,2.4,0,0
15,41,2.4,0,0
1,42,2.4,0,0
7,42,2.4,0,0
21,42,2.4,0,0
18,44,2.4,0,0
8,45,2.4,0,0
40,48,2.4,0,0
0,49,2.4,0,0
9,49,2.4,0,0
9,50,2.4,0,0
13,50,2.4,0,0
37,50,2.4,0,0
12,52,2.4,0,0
2,53,2.4,0,0
12,53,2.4,0,0
38,54,2.4,0,0
13,58,2.4,0,0
18,58,2.4,0,0
12,59,2.4,0,0
18,59,2.4,0,0
40,59,2.4,0,0
41,59,2.4,0,0
17,60,2.4,0,0
13,61,2.4,0,0
14,62,2.4,0,0
15,62,2.4,0,0
11,65,2.4,0,0
22,65,2.4,0,0
41,65,2.4,0,0
16,69,2.4,0,0
15,72,2.4,0,0
13,73,2.4,0,0
39,73,2.4,0,0
39,73,2.4,0,0
41,73,2.4,0,0
15,78,2.4,0,0
23,78,2.4,0,0
41,78,2.4,0,0
15,79,2.4,0,0
22,80,2.4,0,0
18,81,2.4,0,0
23,82,2.4,0,0
39,82,2.4,0,0
22,83,2.4,0,0
28,83,2.4,0,0
36,83,2.4,0,0
26,84,2.4,0,0
37,84,2.4,0,0
23,93,2.4,0,0
26,93,2.4,0,0
25,99,2.4,0,0
26,101,2.4,0,0
26,104,2.4,0,0
39,105,2.4,0,0
23,108,2.4,0,0
37,112,2.4,0,0
39,113,2.4,0,0
22,114,2.4,0,1
26,114,2.4,0,0
41,114,2.4,0,0
3,118,2.4,0,1
27,122,2.4,0,0
19,125,2.4,0,0
19,125,2.4,0,1
22,125,2.4,0,0
23,125,2.4,0,0
2,132,2.4,0,1
19,141,2.4,0,0
21,141,2.4,0,0
29,154,2.4,0,1
17,158,2.4,0,0
20,158,2.4,0,0
22,163,2.4,0,0
17,164,2.4,0,0
22,174,2.4,0,0
19,38,2.5,0,0
20,38,2.5,0,0
14,40,2.5,0,0
32,40,2.5,0,0
34,40,2.5,0,0
38,40,2.5,0,0
9,41,2.5,0,0
15,41,2.5,0,0
29,41,2.5,0,0
32,41,2.5,0,0
33,41,2.5,0,0
34,41,2.5,0,0
14,42,2.5,0,0
18,42,2.5,0,0
21,42,2.5,0,0
28,42,2.5,0,0
29,42,2.5,0,0
29,42,2.5,0,0
33,42,2.5,0,0
30,44,2.5,0,0
20,45,2.5,0,0
29,45,2.5,0,0
9,48,2.5,0,0
10,48,2.5,0,0
18,48,2.5,0,0
9,49,2.5,0,0
19,49,2.5,0,0
20,49,2.5,0,0
31,49,2.5,0,0
32,49,2.5,0,0
18,50,2.5,0,0
18,52,2.5,0,0
28,52,2.5,0,0
31,52,2.5,0,0
17,53,2.5,0,0
18,53,2.5,0,0
33,53,2.5,0,0
39,53,2.5,0,0
10,54,2.5,0,0
12,55,2.5,0,0
32,55,2.5,0,0
33,55,2.5,0,0
6,58,2.5,0,0
8,58,2.5,0,0
9,58,2.5,0,0
21,59,2.5,0,0
38,59,2.5,0,0
19,60,2.5,0,0
34,60,2.5,0,0
34,60,2.5,0,0
35,60,2.5,0,0
30,61,2.5,0,0
37,61,2.5,0,0
4,62,2.5,0,0
20,62,2.5,0,0
36,63,2.5,0,0
36,63,2.5,0,0
6,64,2.5,0,0
30,64,2.5,0,0
31,64,2.5,0,0
34,64,2.5,0,0
20,65,2.5,0,0
29,65,2.5,0,0
32,65,2.5,0,0
11,71,2.5,0,0
7,73,2.5,0,0
10,74,2.5,0,0
2,79,2.5,0,0
8,79,2.5,0,0
4,80,2.5,0,0
5,81,2.5,0,0
6,81,2.5,0,0
6,81,2.5,0,0
2,82,2.5,0,0
6,82,2.5,0,0
7,82,2.5,0,0
9,82,2.5,0,0
7,83,2.5,0,0
2,85,2.5,0,0
4,85,2.5,0,0
5,85,2.5,0,0
8,85,2.5,0,0
4,101,2.5,0,0
4,103,2.5,0,0
38,103,2.5,0,0
2,104,2.5,0,0
3,104,2.5,0,0
4,104,2.5,0,0
3,109,2.5,0,0
4,110,2.5,0,1
3,112,2.5,0,0
6,112,2.5,0,0
1,113,2.5,0,0
25,114,2.5,0,1
40,115,2.5,0,0
37,128,2.5,0,0
40,128,2.5,0,0
39,129,2.5,0,0
38,138,2.5,0,0
38,140,2.5,0,0
41,145,2.5,0,0
23,39,2.6,0,0
24,40,2.6,0,0
25,45,2.6,0,0
1,48,2.6,0,0
2,51,2.6,0,0
0,52,2.6,0,0
10,53,2.6,0,0
1,55,2.6,0,0
23,58,2.6,0,0
22,59,2.6,0,0
25,60,2.6,0,0
28,60,2.6,0,0
8,61,2.6,0,0
9,61,2.6,0,0
24,61,2.6,0,0
23,64,2.6,0,0
27,64,2.6,0,0
29,64,2.6,0,0
3,65,2.6,0,0
12,65,2.6,0,0
31,65,2.6,0,0
2,68,2.6,0,0
10,68,2.6,0,0
21,68,2.6,0,0
1,70,2.6,0,0
1,70,2.6,0,0
4,70,2.6,0,0
12,70,2.6,0,0
27,71,2.6,0,0
0,72,2.6,0,0
2,72,2.6,0,0
6,72,2.6,0,0
11,72,2.6,0,0
5,73,2.6,0,0
5,73,2.6,0,0
1,74,2.6,0,0
3,74,2.6,0,0
9,74,2.6,0,0
20,74,2.6,0,0
20,74,2.6,0,0
28,74,2.6,0,0
13,75,2.6,0,0
23,75,2.6,0,0
5,78,2.6,0,0
10,78,2.6,0,0
10,78,2.6,0,0
29,78,2.6,0,0
28,79,2.6,0,0
27,80,2.6,0,0
28,80,2.6,0,0
17,81,2.6,0,0
27,81,2.6,0,0
30,81,2.6,0,0
28,82,2.6,0,0
7,83,2.6,0,0
5,85,2.6,0,0
27,88,2.6,0,0
18,90,2.6,0,0
24,90,2.6,0,0
28,90,2.6,0,0
20,91,2.6,0,0
34,91,2.6,0,0
26,92,2.6,0,0
19,93,2.6,0,0
22,94,2.6,0,0
33,95,2.6,0,0
33,98,2.6,0,0
32,102,2.6,0,0
34,103,2.6,0,0
35,122,2.6,0,0
36,128,2.6,0,0
31,130,2.6,0,1
39,131,2.6,0,1
20,132,2.6,0,1
30,133,2.6,0,1
36,133,2.6,0,0
14,179,2.6,0,1
20,191,2.6,0,1
17,58,2.67,0,0
16,59,2.67,0,0
19,59,2.67,0,0
33,61,2.67,0,0
20,62,2.67,0,0
33,62,2.67,0,0
31,63,2.67,0,0
16,64,2.67,0,0
23,64,2.67,0,0
16,65,2.67,0,0
20,68,2.67,0,0
17,69,2.67,0,0
17,70,2.67,0,0
16,73,2.67,0,0
31,73,2.67,0,0
31,74,2.67,0,0
16,78,2.67,0,0
17,78,2.67,0,0
18,78,2.67,0,0
24,78,2.67,0,0
32,79,2.67,0,0
18,80,2.67,0,0
32,80,2.67,0,0
18,81,2.67,0,0
20,81,2.67,0,0
31,81,2.67,0,0
14,82,2.67,0,0
19,82,2.67,0,0
22,82,2.67,0,0
16,83,2.67,0,0
17,83,2.67,0,0
17,83,2.67,0,0
19,84,2.67,0,0
23,85,2.67,0,0
32,85,2.67,0,0
22,40,2.7,0,0
22,42,2.7,0,0
22,42,2.7,0,0
19,50,2.7,0,0
21,52,2.7,0,0
19,61,2.7,0,0
20,61,2.7,0,0
22,61,2.7,0,0
22,65,2.7,0,0
31,69,2.7,0,0
13,70,2.7,0,0
13,71,2.7,0,0
27,75,2.7,0,0
28,79,2.7,0,0
33,79,2.7,0,0
14,80,2.7,0,0
24,80,2.7,0,0
9,81,2.7,0,0
8,82,2.7,0,0
22,83,2.7,0,0
6,85,2.7,0,0
12,88,2.7,0,0
26,88,2.7,0,0
33,88,2.7,0,0
12,89,2.7,0,0
10,90,2.7,0,0
14,90,2.7,0,0
23,90,2.7,0,0
31,90,2.7,0,0
11,93,2.7,0,0
25,93,2.7,0,0
27,93,2.7,0,0
29,93,2.7,0,0
30,93,2.7,0,0
29,95,2.7,0,0
33,99,2.7,0,0
7,100,2.7,0,0
9,100,2.7,0,0
7,101,2.7,0,0
30,113,2.7,0,0
7,115,2.7,0,0
32,128,2.7,0,0
32,130,2.7,0,0
29,131,2.7,0,0
31,131,2.7,0,0
31,131,2.7,0,0
3,135,2.7,0,1
29,140,2.7,0,0
33,142,2.7,0,0
17,143,2.7,0,1
8,145,2.7,0,1
32,165,2.7,0,1
28,173,2.7,0,1
20,185,2.7,0,1
5,108,2.75,0,1
27,38,2.8,0,0
32,40,2.8,0,0
13,43,2.8,0,0
32,43,2.8,0,0
10,45,2.8,0,0
28,48,2.8,0,0
32,48,2.8,0,0
14,49,2.8,0,0
16,49,2.8,0,0
17,49,2.8,0,0
28,49,2.8,0,0
30,50,2.8,0,0
38,50,2.8,0,0
32,51,2.8,0,0
35,51,2.8,0,0
38,52,2.8,0,0
11,53,2.8,0,0
28,53,2.8,0,0
35,53,2.8,0,0
37,53,2.8,0,0
18,54,2.8,0,0
15,55,2.8,0,0
11,58,2.8,0,0
12,58,2.8,0,0
14,58,2.8,0,0
36,58,2.8,0,0
35,59,2.8,0,0
11,60,2.8,0,0
34,60,2.8,0,0
35,60,2.8,0,0
35,60,2.8,0,0
13,61,2.8,0,0
29,61,2.8,0,0
36,61,2.8,0,0
36,61,2.8,0,0
26,62,2.8,0,0
12,64,2.8,0,0
35,64,2.8,0,0
11,65,2.8,0,0
15,65,2.8,0,0
27,65,2.8,0,0
29,65,2.8,0,0
9,68,2.8,0,0
34,68,2.8,0,0
19,69,2.8,0,0
19,70,2.8,0,0
23,70,2.8,0,0
26,70,2.8,0,0
11,72,2.8,0,0
13,72,2.8,0,0
17,72,2.8,0,0
10,73,2.8,0,0
16,74,2.8,0,0
9,75,2.8,0,0
24,75,2.8,0,0
13,78,2.8,0,0
35,78,2.8,0,0
38,79,2.8,0,0
33,80,2.8,0,0
35,80,2.8,0,0
11,81,2.8,0,0
12,81,2.8,0,0
13,81,2.8,0,0
10,82,2.8,0,0
10,83,2.8,0,0
11,83,2.8,0,0
25,83,2.8,0,0
34,84,2.8,0,0
36,84,2.8,0,0
15,88,2.8,0,0
13,89,2.8,0,0
36,89,2.8,0,0
11,90,2.8,0,0
25,90,2.8,0,0
26,90,2.8,0,0
13,91,2.8,0,0
15,91,2.8,0,0
24,91,2.8,0,0
31,91,2.8,0,0
31,91,2.8,0,0
9,92,2.8,0,0
22,92,2.8,0,0
34,92,2.8,0,0
10,93,2.8,0,0
12,93,2.8,0,0
15,93,2.8,0,0
27,94,2.8,0,0
36,98,2.8,0,0
37,101,2.8,0,0
36,105,2.8,0,0
35,113,2.8,0,0
36,115,2.8,0,0
6,118,2.8,0,1
37,138,2.8,0,1
32,142,2.8,0,1
20,154,2.8,0,0
21,154,2.8,0,0
23,168,2.8,0,0
21,170,2.8,0,0
12,180,2.8,0,1
23,191,2.8,0,0
25,192,2.8,0,0
20,198,2.8,0,0
20,201,2.8,0,0
21,204,2.8,0,0
20,54,2.9,0,0
20,64,2.9,0,0
21,64,2.9,0,0
18,68,2.9,0,0
18,68,2.9,0,0
17,69,2.9,0,0
20,70,2.9,0,0
24,70,2.9,0,0
24,70,2.9,0,0
21,71,2.9,0,0
26,72,2.9,0,0
19,73,2.9,0,0
6,78,2.9,0,0
25,79,2.9,0,0
3,81,2.9,0,0
4,81,2.9,0,0
22,81,2.9,0,0
22,81,2.9,0,0
22,82,2.9,0,0
24,82,2.9,0,0
3,84,2.9,0,0
5,84,2.9,0,0
7,84,2.9,0,0
5,101,2.9,0,0
4,110,2.9,0,0
8,115,2.9,0,1
39,119,2.9,0,0
35,121,2.9,0,0
7,123,2.9,0,1
38,123,2.9,0,0
1,130,2.9,0,1
37,131,2.9,0,0
38,132,2.9,0,0
17,139,2.9,0,1
28,140,2.9,0,0
7,143,2.9,0,1
27,145,2.9,0,0
38,154,2.9,0,0
37,155,2.9,0,0
28,161,2.9,0,0
35,161,2.9,0,0
29,162,2.9,0,0
27,174,2.9,0,1
30,178,2.9,0,0
26,179,2.9,0,1
5,180,2.9,0,1
32,180,2.9,0,0
30,185,2.9,0,0
8,188,2.9,0,1
32,191,2.9,0,0
30,195,2.9,0,0
14,54,3,0,0
26,59,3,0,0
2,60,3,0,1
28,61,3,0,0
27,62,3,0,0
15,63,3,0,0
17,64,3,0,1
8,65,3,0,1
16,68,3,0,0
15,71,3,0,0
15,73,3,0,0
16,73,3,0,0
27,73,3,0,0
14,74,3,0,0
17,74,3,0,0
26,74,3,0,0
14,75,3,0,0
26,78,3,0,0
26,78,3,0,0
23,80,3,0,0
28,81,3,0,0
24,82,3,0,0
24,83,3,0,0
24,83,3,0,0
26,84,3,0,0
28,90,3,0,0
26,91,3,0,0
25,92,3,0,0
28,95,3,0,0
1,99,3,0,1
35,102,3,0,1
3,105,3,0,1
5,118,3,0,1
27,120,3,0,1
5,122,3,0,1
28,122,3,0,1
12,123,3,0,1
10,152,3,0,0
14,153,3,0,0
12,190,3,0,0
13,191,3,0,0
9,195,3,0,0
11,195,3,0,0
25,195,3,0,1
9,198,3,0,0
10,200,3,0,0
12,69,3.1,0,1
25,83,3.1,0,1
26,83,3.1,0,1
2,92,3.1,0,0
5,93,3.1,0,1
7,94,3.1,0,0
5,98,3.1,0,0
3,115,3.1,0,1
5,121,3.1,0,0
5,122,3.1,0,0
5,123,3.1,0,0
22,133,3.1,0,1
3,134,3.1,0,0
7,134,3.1,0,0
35,173,3.1,0,1
11,190,3.1,0,1
29,51,3.2,0,0
30,51,3.2,0,0
28,55,3.2,0,0
19,58,3.2,0,0
30,58,3.2,0,0
16,60,3.2,0,0
27,62,3.2,0,0
17,63,3.2,0,0
16,65,3.2,0,0
32,65,3.2,0,0
17,71,3.2,0,0
31,74,3.2,0,0
30,75,3.2,0,0
19,81,3.2,0,0
19,81,3.2,0,0
20,85,3.2,0,0
21,85,3.2,0,0
20,105,3.2,0,1
7,120,3.2,0,1
20,130,3.2,0,1
21,174,3.2,0,1
2,182,3.2,0,1
17,128,3.25,0,1
3,90,3.3,0,0
6,92,3.3,0,0
4,102,3.3,0,0
23,105,3.3,0,0
23,110,3.3,0,0
20,113,3.3,0,0
22,113,3.3,0,0
10,114,3.3,0,1
21,115,3.3,0,0
3,118,3.3,0,1
16,118,3.3,0,0
19,118,3.3,0,0
13,119,3.3,0,0
4,121,3.3,0,0
5,121,3.3,0,0
2,129,3.3,0,0
20,129,3.3,0,0
4,134,3.3,0,0
7,134,3.3,0,0
21,134,3.3,0,0
22,134,3.3,0,0
3,135,3.3,0,0
20,138,3.3,0,0
23,138,3.3,0,0
22,142,3.3,0,0
22,144,3.3,0,0
20,150,3.3,0,0
21,151,3.3,0,0
35,152,3.3,0,1
12,160,3.3,0,0
15,161,3.3,0,0
14,165,3.3,0,0
15,171,3.3,0,0
13,173,3.3,0,0
3,175,3.3,0,1
15,175,3.3,0,0
33,182,3.3,0,1
6,64,3.4,0,0
9,64,3.4,0,0
6,69,3.4,0,0
9,73,3.4,0,0
9,80,3.4,0,0
7,81,3.4,0,1
10,81,3.4,0,0
11,82,3.4,0,0
39,82,3.4,0,0
6,83,3.4,0,0
34,83,3.4,0,1
38,83,3.4,0,1
8,84,3.4,0,0
27,85,3.4,0,1
37,85,3.4,0,0
39,85,3.4,0,0
3,91,3.4,0,1
30,100,3.4,0,1
39,101,3.4,0,0
38,102,3.4,0,0
3,103,3.4,0,1
16,104,3.4,0,0
36,108,3.4,0,0
19,110,3.4,0,0
16,114,3.4,0,0
40,114,3.4,0,0
16,115,3.4,0,0
37,115,3.4,0,0
15,128,3.4,0,0
17,129,3.4,0,0
18,131,3.4,0,0
13,139,3.4,0,1
15,139,3.4,0,0
18,142,3.4,0,0
24,161,3.4,0,1
3,172,3.4,0,1
36,183,3.4,0,1
18,75,3.5,0,1
19,99,3.5,0,1
16,114,3.5,0,1
18,115,3.5,0,0
15,121,3.5,0,0
15,125,3.5,0,0
17,125,3.5,0,1
16,138,3.5,0,0
17,140,3.5,0,0
18,141,3.5,0,0
15,143,3.5,0,0
24,144,3.5,0,1
20,145,3.5,0,0
20,151,3.5,0,0
22,152,3.5,0,1
12,58,3.6,0,0
22,58,3.6,0,0
13,59,3.6,0,0
23,62,3.6,0,0
14,63,3.6,0,0
23,63,3.6,0,0
14,74,3.6,0,0
23,75,3.6,0,0
23,78,3.6,0,0
27,78,3.6,0,0
13,79,3.6,0,0
24,79,3.6,0,0
14,81,3.6,0,0
22,81,3.6,0,0
16,82,3.6,0,0
19,83,3.6,0,1
25,83,3.6,0,0
13,84,3.6,0,0
34,90,3.6,0,1
13,93,3.6,0,1
7,104,3.6,0,1
29,111,3.6,0,1
34,152,3.6,0,1
23,179,3.6,0,1
15,185,3.6,0,1
12,108,3.67,0,1
18,59,3.7,0,0
32,59,3.7,0,0
31,65,3.7,0,0
19,68,3.7,0,0
32,68,3.7,0,0
29,72,3.7,0,0
16,75,3.7,0,0
32,75,3.7,0,0
17,79,3.7,0,0
30,81,3.7,0,0
31,81,3.7,0,0
32,81,3.7,0,0
17,82,3.7,0,0
29,82,3.7,0,1
15,84,3.7,0,0
30,84,3.7,0,0
17,85,3.7,0,0
17,85,3.7,0,0
18,85,3.7,0,0
40,95,3.7,0,1
8,104,3.7,0,1
26,158,3.7,0,1
32,158,3.7,0,1
4,182,3.7,0,1
9,188,3.7,0,1
29,60,3.8,0,0
29,62,3.8,0,0
30,73,3.8,0,0
19,78,3.8,0,0
23,79,3.8,0,0
29,79,3.8,0,0
27,81,3.8,0,0
27,81,3.8,0,0
30,81,3.8,0,0
30,82,3.8,0,0
18,83,3.8,0,0
19,83,3.8,0,0
21,83,3.8,0,1
19,85,3.8,0,0
40,88,3.8,0,0
40,89,3.8,0,0
38,91,3.8,0,0
35,94,3.8,0,0
35,95,3.8,0,0
21,99,3.8,0,0
11,101,3.8,0,1
23,108,3.8,0,0
35,108,3.8,0,1
11,110,3.8,0,0
7,111,3.8,0,0
7,112,3.8,0,0
23,114,3.8,0,0
6,115,3.8,0,1
40,123,3.8,0,0
38,124,3.8,0,0
10,128,3.8,0,0
35,131,3.8,0,0
40,131,3.8,0,0
6,132,3.8,0,0
10,132,3.8,0,0
9,133,3.8,0,0
38,135,3.8,0,1
39,160,3.8,0,1
0,83,3.9,0,1
6,95,3.9,0,1
22,95,3.9,0,1
32,98,3.9,0,1
39,101,3.9,0,1
35,119,3.9,0,0
16,120,3.9,0,0
36,124,3.9,0,0
12,125,3.9,0,0
35,125,3.9,0,0
12,128,3.9,0,0
14,128,3.9,0,0
12,132,3.9,0,0
15,132,3.9,0,0
41,134,3.9,0,1
33,138,3.9,0,0
33,138,3.9,0,0
36,139,3.9,0,0
33,142,3.9,0,0
33,142,3.9,0,0
15,149,3.9,0,0
11,152,3.9,0,0
14,155,3.9,0,0
31,159,3.9,0,1
1,60,4,0,0
1,68,4,0,0
2,69,4,0,0
6,69,4,0,0
1,74,4,0,0
3,74,4,0,0
16,79,4,0,0
5,81,4,0,0
13,81,4,0,0
16,82,4,0,0
4,83,4,0,0
18,84,4,0,0
5,85,4,0,0
16,85,4,0,0
18,85,4,0,0
16,98,4,0,0
7,99,4,0,0
32,103,4,0,1
7,105,4,0,0
9,105,4,0,0
7,108,4,0,0
9,109,4,0,1
10,110,4,0,0
8,115,4,0,0
10,134,4,0,0
38,134,4,0,1
7,140,4,0,0
16,141,4,0,1
0,164,4,0,1
3,193,4,0,1
27,93,4.1,0,1
37,110,4.1,0,1
19,122,4.1,0,1
5,128,4.1,0,1
22,135,4.1,0,1
13,143,4.1,0,0
15,143,4.1,0,0
15,144,4.1,0,0
3,148,4.1,0,1
10,161,4.1,0,0
14,161,4.1,0,0
13,163,4.1,0,0
35,168,4.1,0,1
14,178,4.1,0,0
13,179,4.1,0,0
15,180,4.1,0,0
25,104,4.2,0,1
34,114,4.2,0,1
16,119,4.2,0,1
8,120,4.2,0,1
29,129,4.2,0,1
4,142,4.2,0,1
28,179,4.2,0,1
25,190,4.2,0,1
34,82,4.3,0,0
32,84,4.3,0,0
33,91,4.3,0,0
36,93,4.3,0,0
35,111,4.3,0,0
33,121,4.3,0,0
35,121,4.3,0,0
9,125,4.3,0,1
34,125,4.3,0,0
6,139,4.3,0,0
9,139,4.3,0,0
9,145,4.3,0,0
38,148,4.3,0,1
5,160,4.3,0,0
6,160,4.3,0,0
25,160,4.3,0,1
5,162,4.3,0,0
14,164,4.3,0,1
7,180,4.3,0,0
6,181,4.3,0,0
37,191,4.3,0,1
5,195,4.3,0,0
5,112,4.33,0,0
8,128,4.33,0,0
10,131,4.33,0,0
5,138,4.33,0,0
6,141,4.33,0,0
6,141,4.33,0,0
8,141,4.33,0,0
9,145,4.33,0,0
34,78,4.4,0,0
31,79,4.4,0,0
36,81,4.4,0,0
33,83,4.4,0,0
34,99,4.4,0,1
20,101,4.4,0,1
34,101,4.4,0,0
32,108,4.4,0,0
33,110,4.4,0,0
35,110,4.4,0,0
33,111,4.4,0,0
20,114,4.4,0,1
13,129,4.4,0,1
2,130,4.4,0,1
37,132,4.4,0,1
3,172,4.4,0,1
6,191,4.4,0,1
24,75,4.5,0,0
10,78,4.5,0,0
28,80,4.5,0,0
26,81,4.5,0,0
9,83,4.5,0,0
25,90,4.5,0,0
26,90,4.5,0,0
27,90,4.5,0,0
24,91,4.5,0,0
26,92,4.5,0,0
25,95,4.5,0,0
6,98,4.5,0,0
6,99,4.5,0,0
8,99,4.5,0,0
22,102,4.5,0,1
9,103,4.5,0,0
9,105,4.5,0,0
9,141,4.5,0,1
4,154,4.5,0,0
3,172,4.5,0,0
34,179,4.5,0,1
2,188,4.5,0,0
5,188,4.5,0,0
3,190,4.5,0,0
3,190,4.5,0,0
4,194,4.5,0,0
4,204,4.5,0,0
11,103,4.6,0,0
9,104,4.6,0,0
10,105,4.6,0,0
7,108,4.6,0,0
7,112,4.6,0,0
23,115,4.6,0,1
9,134,4.6,0,0
26,135,4.6,0,1
10,139,4.6,0,0
8,140,4.6,0,0
23,174,4.6,0,1
12,138,4.67,0,1
20,88,4.7,0,0
21,91,4.7,0,0
23,94,4.7,0,0
21,102,4.7,0,1
20,105,4.7,0,0
22,118,4.7,0,0
21,121,4.7,0,0
20,124,4.7,0,0
22,125,4.7,0,1
19,128,4.7,0,0
21,128,4.7,0,0
14,130,4.7,0,1
19,130,4.7,0,1
34,148,4.7,0,0
33,149,4.7,0,0
36,149,4.7,0,0
38,149,4.7,0,0
2,170,4.7,0,1
35,174,4.7,0,0
38,174,4.7,0,0
36,193,4.7,0,1
36,195,4.7,0,0
35,202,4.7,0,0
24,189,4.75,0,1
27,195,4.75,0,1
35,99,4.8,0,1
20,103,4.8,0,1
10,135,4.8,0,1
9,184,4.8,0,1
28,78,4.9,0,0
29,79,4.9,0,0
24,80,4.9,0,0
25,80,4.9,0,0
24,81,4.9,0,0
29,81,4.9,0,0
24,84,4.9,0,0
25,85,4.9,0,0
28,85,4.9,0,0
24,94,4.9,0,0
27,101,4.9,0,0
27,110,4.9,0,0
26,114,4.9,0,0
25,119,4.9,0,0
23,121,4.9,0,0
24,124,4.9,0,0
20,131,4.9,0,1
9,141,4.9,0,1
38,159,4.9,0,1
6,179,4.9,0,1
5,112,5,0,1
8,119,5,0,1
22,124,5,0,1
37,124,5,0,1
19,129,5,0,0
20,130,5,0,0
19,132,5,0,0
24,133,5,0,0
30,133,5,0,1
24,134,5,0,0
3,150,5,0,1
22,154,5,0,0
23,163,5,0,0
21,164,5,0,0
24,165,5,0,0
22,122,5.1,0,1
1,141,5.1,0,1
37,165,5.1,0,1
11,184,5.1,0,1
14,78,5.2,0,0
15,80,5.2,0,0
17,82,5.2,0,0
17,91,5.2,0,0
12,93,5.2,0,0
15,108,5.2,0,0
15,120,5.2,0,0
14,123,5.2,0,0
17,124,5.2,0,0
7,129,5.2,0,1
36,135,5.2,0,1
12,169,5.2,0,1
29,172,5.2,0,1
32,191,5.2,0,1
20,111,5.3,0,1
18,128,5.3,0,1
4,155,5.3,0,1
4,88,5.4,0,0
1,98,5.4,0,0
17,111,5.4,0,1
1,118,5.4,0,0
3,119,5.4,0,0
36,119,5.4,0,1
1,121,5.4,0,0
3,123,5.4,0,0
0,131,5.4,0,0
5,133,5.4,0,0
20,144,5.4,0,1
10,154,5.4,0,1
20,158,5.4,0,1
28,178,5.4,0,1
1,142,5.5,0,1
30,118,5.6,0,1
3,123,5.6,0,1
16,140,5.6,0,1
18,153,5.6,0,1
36,165,5.6,0,1
35,191,5.6,0,1
17,91,5.7,0,0
20,104,5.7,0,0
21,125,5.7,0,0
22,128,5.7,0,0
18,129,5.7,0,0
20,131,5.7,0,0
20,134,5.7,0,0
11,160,5.7,0,1
38,168,5.7,0,1
26,194,5.7,0,1
11,148,5.8,0,1
32,161,5.8,0,1
12,182,5.8,0,1
14,129,5.9,0,1
29,132,5.9,0,1
37,122,6,0,0
7,128,6,0,0
19,128,6,0,1
36,129,6,0,0
36,129,6,0,0
36,132,6,0,0
30,145,6,0,1
7,149,6,0,0
34,149,6,0,0
35,151,6,0,0
9,152,6,0,0
6,154,6,0,0
9,164,6,0,1
35,165,6,0,0
7,170,6,0,0
2,171,6,0,1
7,173,6,0,0
31,178,6,0,1
18,182,6,0,1
8,183,6,0,0
6,184,6,0,0
18,110,6.1,0,0
14,111,6.1,0,0
15,119,6.1,0,0
17,119,6.1,0,0
16,120,6.1,0,0
16,138,6.1,0,0
18,144,6.1,0,0
23,149,6.1,0,1
19,152,6.1,0,1
16,154,6.1,0,0
30,158,6.1,0,1
28,170,6.2,0,1
22,98,6.3,0,0
23,100,6.3,0,0
24,102,6.3,0,0
20,111,6.3,0,0
25,113,6.3,0,0
8,130,6.3,0,1
23,134,6.3,0,0
20,140,6.3,0,0
36,158,6.3,0,1
6,193,6.3,0,1
1,150,6.33,0,0
4,155,6.33,0,0
4,191,6.33,0,0
2,195,6.33,0,0
2,195,6.33,0,0
4,199,6.33,0,0
3,201,6.33,0,0
2,205,6.33,0,0
12,154,6.4,0,1
28,192,6.4,0,1
31,130,6.5,0,1
0,132,6.5,0,1
0,134,6.5,0,1
10,152,6.5,0,0
13,153,6.5,0,0
10,155,6.5,0,0
28,168,6.5,0,1
13,172,6.5,0,0
23,178,6.5,0,1
12,188,6.5,0,0
11,193,6.5,0,0
13,195,6.5,0,0
8,200,6.5,0,0
40,143,6.6,0,1
10,179,6.6,0,1
21,158,6.67,0,0
23,160,6.67,0,0
19,172,6.67,0,0
22,198,6.67,0,0
20,199,6.67,0,0
23,199,6.67,0,0
19,201,6.67,0,0
21,218,6.67,0,0
4,130,6.7,0,0
6,170,6.7,0,0
3,173,6.7,0,0
6,174,6.7,0,0
6,175,6.7,0,0
8,175,6.7,0,0
5,178,6.7,0,0
6,180,6.7,0,0
25,109,6.8,0,0
30,112,6.8,0,0
28,118,6.8,0,0
29,144,6.8,0,0
28,145,6.8,0,0
30,145,6.8,0,0
26,148,6.8,0,0
28,149,6.8,0,0
32,174,6.8,0,1
34,114,6.9,0,0
17,138,6.9,0,1
37,139,6.9,0,0
37,140,6.9,0,0
9,141,6.9,0,1
37,141,6.9,0,0
39,141,6.9,0,0
36,145,6.9,0,1
37,145,6.9,0,0
39,150,6.9,0,0
34,152,6.9,0,0
35,154,6.9,0,0
2,172,6.9,0,1
27,188,6.9,0,1
20,109,7,0,0
16,115,7,0,0
18,122,7,0,0
6,138,7,0,1
20,138,7,0,0
18,140,7,0,0
36,148,7,0,1
16,154,7,0,0
16,155,7,0,0
17,155,7,0,0
20,155,7,0,0
8,165,7,0,1
7,188,7,0,1
0,149,7.2,0,0
2,149,7.2,0,0
0,150,7.2,0,0
0,155,7.2,0,0
26,155,7.2,0,1
0,161,7.2,0,0
33,173,7.2,0,1
23,119,7.3,0,0
26,121,7.3,0,0
21,123,7.3,0,0
23,125,7.3,0,0
23,133,7.3,0,0
22,150,7.3,0,0
24,150,7.3,0,0
24,152,7.3,0,0
24,155,7.3,0,0
30,120,7.4,0,0
32,120,7.4,0,0
35,124,7.4,0,0
34,128,7.4,0,0
32,129,7.4,0,0
34,150,7.4,0,0
29,154,7.4,0,1
8,155,7.4,0,1
33,155,7.4,0,0
32,158,7.4,0,0
33,163,7.4,0,0
8,164,7.4,0,1
20,119,7.5,0,0
18,120,7.5,0,0
18,130,7.5,0,0
21,152,7.5,0,0
19,153,7.5,0,0
22,153,7.5,0,0
19,161,7.5,0,0
8,184,7.5,0,1
20,185,7.5,0,1
21,140,7.6,0,0
17,141,7.6,0,0
20,160,7.6,0,0
19,161,7.6,0,0
17,165,7.6,0,0
20,180,7.6,0,0
20,182,7.6,0,0
18,189,7.6,0,0
10,118,7.8,0,0
13,119,7.8,0,0
9,138,7.8,0,0
10,139,7.8,0,0
11,158,7.8,0,0
10,164,7.8,0,0
11,164,7.8,0,0
13,171,7.8,0,0
12,175,7.8,0,0
23,161,7.9,0,1
17,168,7.9,0,1
37,185,7.9,0,1
14,122,8,0,0
17,139,8,0,0
15,141,8,0,0
18,145,8,0,0
9,160,8,0,1
17,160,8,0,0
17,165,8,0,0
15,168,8,0,0
18,171,8,0,0
15,175,8,0,0
12,184,8,0,1
26,145,8.1,0,0
27,162,8.1,0,0
26,179,8.1,0,0
28,181,8.1,0,0
29,183,8.1,0,0
27,184,8.1,0,0
28,184,8.1,0,0
26,191,8.1,0,0
21,193,8.1,0,1
27,195,8.1,0,0
4,183,8.3,0,1
23,194,8.3,0,1
20,180,8.5,0,1
10,143,8.6,0,0
11,162,8.6,0,0
10,179,8.6,0,0
12,179,8.6,0,0
12,180,8.6,0,0
8,182,8.6,0,0
12,193,8.6,0,0
19,154,8.8,0,0
9,183,8.8,0,1
22,190,8.8,0,0
20,194,8.8,0,0
20,200,8.8,0,0
19,201,8.8,0,0
22,203,8.8,0,0
18,204,8.8,0,0
21,205,8.8,0,0
9,180,8.9,0,1
33,178,9,0,1
25,180,9,0,1
36,188,9.3,0,1
16,201,10,0,1
15,202,10,0,1
5,203,10,0,1
14,90,0,1,0
22,139,0,1,0
23,12,0.1,1,0
18,13,0.1,1,0
28,18,0.1,1,0
32,21,0.1,1,0
9,22,0.1,1,0
19,23,0.1,1,0
30,29,0.1,1,0
8,58,0.1,1,0
39,75,0.1,1,0
17,80,0.1,1,0
16,155,0.1,1,1
29,20,0.2,1,0
31,21,0.2,1,0
25,30,0.2,1,0
19,40,0.2,1,0
6,44,0.2,1,0
17,44,0.2,1,0
21,85,0.2,1,0
33,122,0.2,1,1
23,173,0.2,1,1
12,194,0.2,1,1
8,11,0.3,1,0
6,13,0.3,1,0
30,18,0.3,1,0
40,18,0.3,1,0
30,31,0.3,1,0
23,33,0.3,1,0
3,35,0.3,1,0
6,38,0.3,1,0
4,40,0.3,1,0
31,40,0.3,1,0
17,44,0.3,1,0
30,111,0.3,1,1
32,122,0.3,1,0
9,131,0.3,1,1
10,182,0.3,1,1
27,12,0.4,1,0
7,15,0.4,1,0
39,18,0.4,1,0
24,30,0.4,1,0
2,158,0.4,1,1
41,195,0.4,1,1
39,22,0.5,1,0
21,33,0.5,1,0
38,39,0.5,1,0
14,53,0.5,1,0
12,59,0.5,1,0
13,63,0.5,1,0
12,109,0.5,1,1
5,125,0.5,1,1
30,164,0.5,1,1
23,34,0.6,1,0
2,44,0.6,1,0
22,114,0.6,1,0
32,125,0.6,1,1
6,11,0.67,1,0
21,61,0.7,1,0
16,62,0.7,1,0
19,121,0.7,1,1
37,141,0.7,1,1
20,171,0.7,1,1
8,35,0.8,1,0
5,61,0.8,1,0
20,69,0.8,1,0
20,73,0.8,1,0
41,105,0.8,1,0
31,13,0.9,1,0
15,49,0.9,1,0
31,61,0.9,1,0
11,14,1,1,0
36,22,1,1,0
7,25,1,1,0
26,25,1,1,0
8,32,1,1,0
23,32,1,1,0
25,43,1,1,0
27,51,1,1,0
6,19,1.1,1,0
9,31,1.1,1,0
24,130,1.1,1,1
8,175,1.1,1,1
39,49,1.2,1,0
21,132,1.2,1,1
18,179,1.2,1,1
34,18,1.3,1,0
10,30,1.3,1,0
30,69,1.3,1,0
27,80,1.3,1,0
40,118,1.3,1,0
18,164,1.3,1,1
31,32,1.4,1,0
31,40,1.4,1,0
31,28,1.5,1,0
9,41,1.5,1,0
34,42,1.5,1,0
33,45,1.5,1,0
33,49,1.5,1,0
3,81,1.5,1,0
8,82,1.5,1,0
16,173,1.5,1,1
32,40,1.6,1,0
0,43,1.6,1,0
2,60,1.6,1,0
5,48,1.67,1,0
12,28,1.7,1,0
32,60,1.7,1,0
43,79,1.7,1,0
3,161,1.7,1,1
19,174,1.7,1,1
1,70,1.75,1,0
7,38,1.8,1,0
1,58,1.8,1,0
5,98,1.8,1,0
27,112,1.8,1,0
26,192,1.8,1,1
28,39,1.9,1,0
22,53,1.9,1,0
14,102,1.9,1,0
12,39,2,1,0
14,44,2,1,0
31,52,2,1,0
41,78,2,1,0
20,79,2,1,0
7,81,2,1,0
32,85,2,1,0
29,119,2,1,1
22,43,2.1,1,0
28,43,2.1,1,0
6,50,2.1,1,0
33,38,2.2,1,0
37,40,2.2,1,0
32,62,2.2,1,0
38,64,2.2,1,0
34,65,2.2,1,0
16,185,2.2,1,1
32,190,2.2,1,1
9,55,2.3,1,0
10,64,2.3,1,0
11,123,2.3,1,1
12,142,2.3,1,1
13,158,2.3,1,1
40,181,2.3,1,1
36,184,2.3,1,1
15,62,2.33,1,0
19,73,2.33,1,0
20,59,2.4,1,0
16,78,2.4,1,0
26,109,2.4,1,0
26,112,2.4,1,0
17,40,2.5,1,0
31,55,2.5,1,0
7,83,2.5,1,0
5,85,2.5,1,0
3,98,2.5,1,0
41,144,2.5,1,0
2,72,2.6,1,0
7,82,2.6,1,0
8,82,2.6,1,0
17,84,2.6,1,0
23,89,2.6,1,0
36,153,2.6,1,1
14,182,2.6,1,1
23,83,2.67,1,0
22,89,2.7,1,0
10,92,2.7,1,0
6,112,2.7,1,0
29,120,2.7,1,1
37,39,2.8,1,0
10,60,2.8,1,0
14,93,2.8,1,0
36,103,2.8,1,0
30,153,2.8,1,1
19,71,2.9,1,0
2,84,2.9,1,0
38,161,2.9,1,0
27,92,3,1,1
37,93,3,1,1
41,105,3,1,1
17,111,3,1,1
20,122,3,1,1
33,154,3,1,1
11,183,3,1,1
23,84,3.1,1,1
12,123,3.1,1,1
39,172,3.1,1,1
22,183,3.1,1,1
3,71,3.3,1,1
4,73,3.3,1,1
13,119,3.3,1,1
18,135,3.3,1,0
22,141,3.3,1,0
24,148,3.3,1,0
24,162,3.3,1,1
25,181,3.3,1,1
18,103,3.33,1,1
35,85,3.4,1,1
5,184,3.4,1,1
28,175,3.6,1,1
11,180,3.6,1,1
17,94,3.8,1,1
32,113,3.8,1,1
11,133,3.8,1,0
7,135,3.8,1,1
31,164,3.8,1,1
16,89,3.9,1,1
39,101,3.9,1,1
38,111,3.9,1,0
14,104,4,1,0
16,104,4,1,0
7,139,4,1,1
40,89,4.1,1,1
39,94,4.1,1,1
4,120,4.1,1,1
13,129,4.1,1,1
28,165,4.1,1,1
6,181,4.1,1,1
7,98,4.2,1,1
21,115,4.2,1,1
1,184,4.2,1,1
19,170,4.25,1,1
37,172,4.25,1,1
26,91,4.3,1,1
35,94,4.3,1,0
26,161,4.3,1,1
19,172,4.3,1,1
8,128,4.33,1,0
7,81,4.5,1,0
26,134,4.5,1,1
25,99,4.6,1,1
41,154,4.6,1,1
32,173,4.6,1,1
15,158,4.7,1,1
32,135,4.8,1,1
9,191,4.8,1,1
16,191,4.8,1,1
28,93,4.9,1,0
17,154,4.9,1,1
18,141,5,1,1
22,154,5,1,1
37,169,5,1,1
23,112,5.1,1,1
11,158,5.1,1,1
31,114,5.2,1,1
38,195,5.2,1,1
5,135,5.3,1,1
18,163,5.33,1,1
26,110,5.4,1,1
6,120,5.4,1,1
12,150,5.4,1,1
39,184,5.4,1,1
21,134,5.5,1,1
22,149,5.5,1,1
15,159,5.5,1,1
12,123,5.6,1,1
6,168,5.67,1,1
19,169,5.67,1,1
20,118,5.7,1,0
21,133,5.7,1,1
30,145,5.7,1,1
18,123,5.9,1,1
5,129,5.9,1,1
1,140,5.9,1,1
9,118,6,1,1
33,122,6,1,0
37,158,6,1,0
8,181,6,1,0
30,194,6,1,1
27,145,6.1,1,1
36,169,6.1,1,1
41,170,6.1,1,1
8,142,6.2,1,1
35,130,6.3,1,1
14,141,6.3,1,1
20,145,6.3,1,0
0,195,6.33,1,1
38,143,6.4,1,1
25,161,6.5,1,1
8,169,6.5,1,1
23,170,6.5,1,1
9,180,6.5,1,1
35,180,6.5,1,1
8,140,6.6,1,1
15,173,6.6,1,1
24,224,6.67,1,0
7,185,6.7,1,0
13,169,6.8,1,1
31,192,7,1,1
34,149,7.2,1,1
2,182,7.2,1,1
11,190,7.3,1,1
20,152,7.4,1,1
22,118,7.5,1,0
23,148,7.5,1,0
31,154,7.5,1,1
22,164,7.6,1,0
39,170,7.9,1,1
16,161,8,1,1
28,183,8.2,1,1
8,178,8.5,1,1
8,162,8.6,1,0
